--- Log for submodule: cargo ---
Running 'cargo update' in "/data/data/com.termux.nix/files/home/pick-up-nix2/vendor/rust/cargo2nix/submodules/cargo"...
     Locking 0 packages to latest compatible versions
'cargo update' succeeded.
Running 'cargo vendor' in "/data/data/com.termux.nix/files/home/pick-up-nix2/vendor/rust/cargo2nix/submodules/cargo"...
   Vendoring adler2 v2.0.1 (/data/data/com.termux.nix/files/home/.cargo/registry/src/index.crates.io-1949cf8c6b5b557f/adler2-2.0.1) to /data/data/com.termux.nix/files/home/pick-up-nix2/vendor/rust/cargo2nix/submodules/cargo/vendor/adler2
   Vendoring aho-corasick v1.1.4 (/data/data/com.termux.nix/files/home/.cargo/registry/src/index.crates.io-1949cf8c6b5b557f/aho-corasick-1.1.4) to /data/data/com.termux.nix/files/home/pick-up-nix2/vendor/rust/cargo2nix/submodules/cargo/vendor/aho-corasick
   Vendoring allocator-api2 v0.2.21 (/data/data/com.termux.nix/files/home/.cargo/registry/src/index.crates.io-1949cf8c6b5b557f/allocator-api2-0.2.21) to /data/data/com.termux.nix/files/home/pick-up-nix2/vendor/rust/cargo2nix/submodules/cargo/vendor/allocator-api2
   Vendoring anes v0.1.6 (/data/data/com.termux.nix/files/home/.cargo/registry/src/index.crates.io-1949cf8c6b5b557f/anes-0.1.6) to /data/data/com.termux.nix/files/home/pick-up-nix2/vendor/rust/cargo2nix/submodules/cargo/vendor/anes
   Vendoring annotate-snippets v0.12.8 (/data/data/com.termux.nix/files/home/.cargo/registry/src/index.crates.io-1949cf8c6b5b557f/annotate-snippets-0.12.8) to /data/data/com.termux.nix/files/home/pick-up-nix2/vendor/rust/cargo2nix/submodules/cargo/vendor/annotate-snippets
   Vendoring anstream v0.6.21 (/data/data/com.termux.nix/files/home/.cargo/registry/src/index.crates.io-1949cf8c6b5b557f/anstream-0.6.21) to /data/data/com.termux.nix/files/home/pick-up-nix2/vendor/rust/cargo2nix/submodules/cargo/vendor/anstream
   Vendoring anstyle v1.0.13 (/data/data/com.termux.nix/files/home/.cargo/registry/src/index.crates.io-1949cf8c6b5b557f/anstyle-1.0.13) to /data/data/com.termux.nix/files/home/pick-up-nix2/vendor/rust/cargo2nix/submodules/cargo/vendor/anstyle
   Vendoring anstyle-lossy v1.1.4 (/data/data/com.termux.nix/files/home/.cargo/registry/src/index.crates.io-1949cf8c6b5b557f/anstyle-lossy-1.1.4) to /data/data/com.termux.nix/files/home/pick-up-nix2/vendor/rust/cargo2nix/submodules/cargo/vendor/anstyle-lossy
   Vendoring anstyle-parse v0.2.7 (/data/data/com.termux.nix/files/home/.cargo/registry/src/index.crates.io-1949cf8c6b5b557f/anstyle-parse-0.2.7) to /data/data/com.termux.nix/files/home/pick-up-nix2/vendor/rust/cargo2nix/submodules/cargo/vendor/anstyle-parse
   Vendoring anstyle-query v1.1.4 (/data/data/com.termux.nix/files/home/.cargo/registry/src/index.crates.io-1949cf8c6b5b557f/anstyle-query-1.1.4) to /data/data/com.termux.nix/files/home/pick-up-nix2/vendor/rust/cargo2nix/submodules/cargo/vendor/anstyle-query
   Vendoring anstyle-svg v0.1.11 (/data/data/com.termux.nix/files/home/.cargo/registry/src/index.crates.io-1949cf8c6b5b557f/anstyle-svg-0.1.11) to /data/data/com.termux.nix/files/home/pick-up-nix2/vendor/rust/cargo2nix/submodules/cargo/vendor/anstyle-svg
   Vendoring anstyle-wincon v3.0.10 (/data/data/com.termux.nix/files/home/.cargo/registry/src/index.crates.io-1949cf8c6b5b557f/anstyle-wincon-3.0.10) to /data/data/com.termux.nix/files/home/pick-up-nix2/vendor/rust/cargo2nix/submodules/cargo/vendor/anstyle-wincon
   Vendoring anyhow v1.0.100 (/data/data/com.termux.nix/files/home/.cargo/registry/src/index.crates.io-1949cf8c6b5b557f/anyhow-1.0.100) to /data/data/com.termux.nix/files/home/pick-up-nix2/vendor/rust/cargo2nix/submodules/cargo/vendor/anyhow
   Vendoring arc-swap v1.7.1 (/data/data/com.termux.nix/files/home/.cargo/registry/src/index.crates.io-1949cf8c6b5b557f/arc-swap-1.7.1) to /data/data/com.termux.nix/files/home/pick-up-nix2/vendor/rust/cargo2nix/submodules/cargo/vendor/arc-swap
   Vendoring arrayref v0.3.9 (/data/data/com.termux.nix/files/home/.cargo/registry/src/index.crates.io-1949cf8c6b5b557f/arrayref-0.3.9) to /data/data/com.termux.nix/files/home/pick-up-nix2/vendor/rust/cargo2nix/submodules/cargo/vendor/arrayref
   Vendoring arrayvec v0.7.6 (/data/data/com.termux.nix/files/home/.cargo/registry/src/index.crates.io-1949cf8c6b5b557f/arrayvec-0.7.6) to /data/data/com.termux.nix/files/home/pick-up-nix2/vendor/rust/cargo2nix/submodules/cargo/vendor/arrayvec
   Vendoring atomic-waker v1.1.2 (/data/data/com.termux.nix/files/home/.cargo/registry/src/index.crates.io-1949cf8c6b5b557f/atomic-waker-1.1.2) to /data/data/com.termux.nix/files/home/pick-up-nix2/vendor/rust/cargo2nix/submodules/cargo/vendor/atomic-waker
   Vendoring autocfg v1.5.0 (/data/data/com.termux.nix/files/home/.cargo/registry/src/index.crates.io-1949cf8c6b5b557f/autocfg-1.5.0) to /data/data/com.termux.nix/files/home/pick-up-nix2/vendor/rust/cargo2nix/submodules/cargo/vendor/autocfg
   Vendoring base16ct v0.2.0 (/data/data/com.termux.nix/files/home/.cargo/registry/src/index.crates.io-1949cf8c6b5b557f/base16ct-0.2.0) to /data/data/com.termux.nix/files/home/pick-up-nix2/vendor/rust/cargo2nix/submodules/cargo/vendor/base16ct
   Vendoring base64 v0.22.1 (/data/data/com.termux.nix/files/home/.cargo/registry/src/index.crates.io-1949cf8c6b5b557f/base64-0.22.1) to /data/data/com.termux.nix/files/home/pick-up-nix2/vendor/rust/cargo2nix/submodules/cargo/vendor/base64
   Vendoring base64ct v1.8.0 (/data/data/com.termux.nix/files/home/.cargo/registry/src/index.crates.io-1949cf8c6b5b557f/base64ct-1.8.0) to /data/data/com.termux.nix/files/home/pick-up-nix2/vendor/rust/cargo2nix/submodules/cargo/vendor/base64ct
   Vendoring bit-set v0.8.0 (/data/data/com.termux.nix/files/home/.cargo/registry/src/index.crates.io-1949cf8c6b5b557f/bit-set-0.8.0) to /data/data/com.termux.nix/files/home/pick-up-nix2/vendor/rust/cargo2nix/submodules/cargo/vendor/bit-set
   Vendoring bit-vec v0.8.0 (/data/data/com.termux.nix/files/home/.cargo/registry/src/index.crates.io-1949cf8c6b5b557f/bit-vec-0.8.0) to /data/data/com.termux.nix/files/home/pick-up-nix2/vendor/rust/cargo2nix/submodules/cargo/vendor/bit-vec
   Vendoring bitflags v2.10.0 (/data/data/com.termux.nix/files/home/.cargo/registry/src/index.crates.io-1949cf8c6b5b557f/bitflags-2.10.0) to /data/data/com.termux.nix/files/home/pick-up-nix2/vendor/rust/cargo2nix/submodules/cargo/vendor/bitflags
   Vendoring bitmaps v2.1.0 (/data/data/com.termux.nix/files/home/.cargo/registry/src/index.crates.io-1949cf8c6b5b557f/bitmaps-2.1.0) to /data/data/com.termux.nix/files/home/pick-up-nix2/vendor/rust/cargo2nix/submodules/cargo/vendor/bitmaps
   Vendoring blake3 v1.8.2 (/data/data/com.termux.nix/files/home/.cargo/registry/src/index.crates.io-1949cf8c6b5b557f/blake3-1.8.2) to /data/data/com.termux.nix/files/home/pick-up-nix2/vendor/rust/cargo2nix/submodules/cargo/vendor/blake3
   Vendoring block-buffer v0.10.4 (/data/data/com.termux.nix/files/home/.cargo/registry/src/index.crates.io-1949cf8c6b5b557f/block-buffer-0.10.4) to /data/data/com.termux.nix/files/home/pick-up-nix2/vendor/rust/cargo2nix/submodules/cargo/vendor/block-buffer
   Vendoring bstr v1.12.1 (/data/data/com.termux.nix/files/home/.cargo/registry/src/index.crates.io-1949cf8c6b5b557f/bstr-1.12.1) to /data/data/com.termux.nix/files/home/pick-up-nix2/vendor/rust/cargo2nix/submodules/cargo/vendor/bstr
   Vendoring bumpalo v3.19.0 (/data/data/com.termux.nix/files/home/.cargo/registry/src/index.crates.io-1949cf8c6b5b557f/bumpalo-3.19.0) to /data/data/com.termux.nix/files/home/pick-up-nix2/vendor/rust/cargo2nix/submodules/cargo/vendor/bumpalo
   Vendoring byteorder v1.5.0 (/data/data/com.termux.nix/files/home/.cargo/registry/src/index.crates.io-1949cf8c6b5b557f/byteorder-1.5.0) to /data/data/com.termux.nix/files/home/pick-up-nix2/vendor/rust/cargo2nix/submodules/cargo/vendor/byteorder
   Vendoring bytes v1.10.1 (/data/data/com.termux.nix/files/home/.cargo/registry/src/index.crates.io-1949cf8c6b5b557f/bytes-1.10.1) to /data/data/com.termux.nix/files/home/pick-up-nix2/vendor/rust/cargo2nix/submodules/cargo/vendor/bytes
   Vendoring camino v1.2.1 (/data/data/com.termux.nix/files/home/.cargo/registry/src/index.crates.io-1949cf8c6b5b557f/camino-1.2.1) to /data/data/com.termux.nix/files/home/pick-up-nix2/vendor/rust/cargo2nix/submodules/cargo/vendor/camino
   Vendoring cargo-platform v0.3.1 (/data/data/com.termux.nix/files/home/.cargo/registry/src/index.crates.io-1949cf8c6b5b557f/cargo-platform-0.3.1) to /data/data/com.termux.nix/files/home/pick-up-nix2/vendor/rust/cargo2nix/submodules/cargo/vendor/cargo-platform
   Vendoring cargo_metadata v0.23.0 (/data/data/com.termux.nix/files/home/.cargo/registry/src/index.crates.io-1949cf8c6b5b557f/cargo_metadata-0.23.0) to /data/data/com.termux.nix/files/home/pick-up-nix2/vendor/rust/cargo2nix/submodules/cargo/vendor/cargo_metadata
   Vendoring cast v0.3.0 (/data/data/com.termux.nix/files/home/.cargo/registry/src/index.crates.io-1949cf8c6b5b557f/cast-0.3.0) to /data/data/com.termux.nix/files/home/pick-up-nix2/vendor/rust/cargo2nix/submodules/cargo/vendor/cast
   Vendoring cc v1.2.44 (/data/data/com.termux.nix/files/home/.cargo/registry/src/index.crates.io-1949cf8c6b5b557f/cc-1.2.44) to /data/data/com.termux.nix/files/home/pick-up-nix2/vendor/rust/cargo2nix/submodules/cargo/vendor/cc
   Vendoring cfg-if v1.0.4 (/data/data/com.termux.nix/files/home/.cargo/registry/src/index.crates.io-1949cf8c6b5b557f/cfg-if-1.0.4) to /data/data/com.termux.nix/files/home/pick-up-nix2/vendor/rust/cargo2nix/submodules/cargo/vendor/cfg-if
   Vendoring ciborium v0.2.2 (/data/data/com.termux.nix/files/home/.cargo/registry/src/index.crates.io-1949cf8c6b5b557f/ciborium-0.2.2) to /data/data/com.termux.nix/files/home/pick-up-nix2/vendor/rust/cargo2nix/submodules/cargo/vendor/ciborium
   Vendoring ciborium-io v0.2.2 (/data/data/com.termux.nix/files/home/.cargo/registry/src/index.crates.io-1949cf8c6b5b557f/ciborium-io-0.2.2) to /data/data/com.termux.nix/files/home/pick-up-nix2/vendor/rust/cargo2nix/submodules/cargo/vendor/ciborium-io
   Vendoring ciborium-ll v0.2.2 (/data/data/com.termux.nix/files/home/.cargo/registry/src/index.crates.io-1949cf8c6b5b557f/ciborium-ll-0.2.2) to /data/data/com.termux.nix/files/home/pick-up-nix2/vendor/rust/cargo2nix/submodules/cargo/vendor/ciborium-ll
   Vendoring clap v4.5.51 (/data/data/com.termux.nix/files/home/.cargo/registry/src/index.crates.io-1949cf8c6b5b557f/clap-4.5.51) to /data/data/com.termux.nix/files/home/pick-up-nix2/vendor/rust/cargo2nix/submodules/cargo/vendor/clap
   Vendoring clap_builder v4.5.51 (/data/data/com.termux.nix/files/home/.cargo/registry/src/index.crates.io-1949cf8c6b5b557f/clap_builder-4.5.51) to /data/data/com.termux.nix/files/home/pick-up-nix2/vendor/rust/cargo2nix/submodules/cargo/vendor/clap_builder
   Vendoring clap_complete v4.5.60 (/data/data/com.termux.nix/files/home/.cargo/registry/src/index.crates.io-1949cf8c6b5b557f/clap_complete-4.5.60) to /data/data/com.termux.nix/files/home/pick-up-nix2/vendor/rust/cargo2nix/submodules/cargo/vendor/clap_complete
   Vendoring clap_lex v0.7.6 (/data/data/com.termux.nix/files/home/.cargo/registry/src/index.crates.io-1949cf8c6b5b557f/clap_lex-0.7.6) to /data/data/com.termux.nix/files/home/pick-up-nix2/vendor/rust/cargo2nix/submodules/cargo/vendor/clap_lex
   Vendoring clru v0.6.2 (/data/data/com.termux.nix/files/home/.cargo/registry/src/index.crates.io-1949cf8c6b5b557f/clru-0.6.2) to /data/data/com.termux.nix/files/home/pick-up-nix2/vendor/rust/cargo2nix/submodules/cargo/vendor/clru
   Vendoring color-print v0.3.7 (/data/data/com.termux.nix/files/home/.cargo/registry/src/index.crates.io-1949cf8c6b5b557f/color-print-0.3.7) to /data/data/com.termux.nix/files/home/pick-up-nix2/vendor/rust/cargo2nix/submodules/cargo/vendor/color-print
   Vendoring color-print-proc-macro v0.3.7 (/data/data/com.termux.nix/files/home/.cargo/registry/src/index.crates.io-1949cf8c6b5b557f/color-print-proc-macro-0.3.7) to /data/data/com.termux.nix/files/home/pick-up-nix2/vendor/rust/cargo2nix/submodules/cargo/vendor/color-print-proc-macro
   Vendoring colorchoice v1.0.4 (/data/data/com.termux.nix/files/home/.cargo/registry/src/index.crates.io-1949cf8c6b5b557f/colorchoice-1.0.4) to /data/data/com.termux.nix/files/home/pick-up-nix2/vendor/rust/cargo2nix/submodules/cargo/vendor/colorchoice
   Vendoring const-oid v0.9.6 (/data/data/com.termux.nix/files/home/.cargo/registry/src/index.crates.io-1949cf8c6b5b557f/const-oid-0.9.6) to /data/data/com.termux.nix/files/home/pick-up-nix2/vendor/rust/cargo2nix/submodules/cargo/vendor/const-oid
   Vendoring constant_time_eq v0.3.1 (/data/data/com.termux.nix/files/home/.cargo/registry/src/index.crates.io-1949cf8c6b5b557f/constant_time_eq-0.3.1) to /data/data/com.termux.nix/files/home/pick-up-nix2/vendor/rust/cargo2nix/submodules/cargo/vendor/constant_time_eq
   Vendoring content_inspector v0.2.4 (/data/data/com.termux.nix/files/home/.cargo/registry/src/index.crates.io-1949cf8c6b5b557f/content_inspector-0.2.4) to /data/data/com.termux.nix/files/home/pick-up-nix2/vendor/rust/cargo2nix/submodules/cargo/vendor/content_inspector
   Vendoring core-foundation v0.10.1 (/data/data/com.termux.nix/files/home/.cargo/registry/src/index.crates.io-1949cf8c6b5b557f/core-foundation-0.10.1) to /data/data/com.termux.nix/files/home/pick-up-nix2/vendor/rust/cargo2nix/submodules/cargo/vendor/core-foundation
   Vendoring core-foundation-sys v0.8.7 (/data/data/com.termux.nix/files/home/.cargo/registry/src/index.crates.io-1949cf8c6b5b557f/core-foundation-sys-0.8.7) to /data/data/com.termux.nix/files/home/pick-up-nix2/vendor/rust/cargo2nix/submodules/cargo/vendor/core-foundation-sys
   Vendoring cpufeatures v0.2.17 (/data/data/com.termux.nix/files/home/.cargo/registry/src/index.crates.io-1949cf8c6b5b557f/cpufeatures-0.2.17) to /data/data/com.termux.nix/files/home/pick-up-nix2/vendor/rust/cargo2nix/submodules/cargo/vendor/cpufeatures
   Vendoring crc32fast v1.5.0 (/data/data/com.termux.nix/files/home/.cargo/registry/src/index.crates.io-1949cf8c6b5b557f/crc32fast-1.5.0) to /data/data/com.termux.nix/files/home/pick-up-nix2/vendor/rust/cargo2nix/submodules/cargo/vendor/crc32fast
   Vendoring criterion v0.7.0 (/data/data/com.termux.nix/files/home/.cargo/registry/src/index.crates.io-1949cf8c6b5b557f/criterion-0.7.0) to /data/data/com.termux.nix/files/home/pick-up-nix2/vendor/rust/cargo2nix/submodules/cargo/vendor/criterion
   Vendoring criterion-plot v0.6.0 (/data/data/com.termux.nix/files/home/.cargo/registry/src/index.crates.io-1949cf8c6b5b557f/criterion-plot-0.6.0) to /data/data/com.termux.nix/files/home/pick-up-nix2/vendor/rust/cargo2nix/submodules/cargo/vendor/criterion-plot
   Vendoring crossbeam-channel v0.5.15 (/data/data/com.termux.nix/files/home/.cargo/registry/src/index.crates.io-1949cf8c6b5b557f/crossbeam-channel-0.5.15) to /data/data/com.termux.nix/files/home/pick-up-nix2/vendor/rust/cargo2nix/submodules/cargo/vendor/crossbeam-channel
   Vendoring crossbeam-deque v0.8.6 (/data/data/com.termux.nix/files/home/.cargo/registry/src/index.crates.io-1949cf8c6b5b557f/crossbeam-deque-0.8.6) to /data/data/com.termux.nix/files/home/pick-up-nix2/vendor/rust/cargo2nix/submodules/cargo/vendor/crossbeam-deque
   Vendoring crossbeam-epoch v0.9.18 (/data/data/com.termux.nix/files/home/.cargo/registry/src/index.crates.io-1949cf8c6b5b557f/crossbeam-epoch-0.9.18) to /data/data/com.termux.nix/files/home/pick-up-nix2/vendor/rust/cargo2nix/submodules/cargo/vendor/crossbeam-epoch
   Vendoring crossbeam-utils v0.8.21 (/data/data/com.termux.nix/files/home/.cargo/registry/src/index.crates.io-1949cf8c6b5b557f/crossbeam-utils-0.8.21) to /data/data/com.termux.nix/files/home/pick-up-nix2/vendor/rust/cargo2nix/submodules/cargo/vendor/crossbeam-utils
   Vendoring crunchy v0.2.4 (/data/data/com.termux.nix/files/home/.cargo/registry/src/index.crates.io-1949cf8c6b5b557f/crunchy-0.2.4) to /data/data/com.termux.nix/files/home/pick-up-nix2/vendor/rust/cargo2nix/submodules/cargo/vendor/crunchy
   Vendoring crypto-bigint v0.5.5 (/data/data/com.termux.nix/files/home/.cargo/registry/src/index.crates.io-1949cf8c6b5b557f/crypto-bigint-0.5.5) to /data/data/com.termux.nix/files/home/pick-up-nix2/vendor/rust/cargo2nix/submodules/cargo/vendor/crypto-bigint
   Vendoring crypto-common v0.1.6 (/data/data/com.termux.nix/files/home/.cargo/registry/src/index.crates.io-1949cf8c6b5b557f/crypto-common-0.1.6) to /data/data/com.termux.nix/files/home/pick-up-nix2/vendor/rust/cargo2nix/submodules/cargo/vendor/crypto-common
   Vendoring ct-codecs v1.1.6 (/data/data/com.termux.nix/files/home/.cargo/registry/src/index.crates.io-1949cf8c6b5b557f/ct-codecs-1.1.6) to /data/data/com.termux.nix/files/home/pick-up-nix2/vendor/rust/cargo2nix/submodules/cargo/vendor/ct-codecs
   Vendoring curl v0.4.49 (/data/data/com.termux.nix/files/home/.cargo/registry/src/index.crates.io-1949cf8c6b5b557f/curl-0.4.49) to /data/data/com.termux.nix/files/home/pick-up-nix2/vendor/rust/cargo2nix/submodules/cargo/vendor/curl
   Vendoring curl-sys v0.4.84+curl-8.17.0 (/data/data/com.termux.nix/files/home/.cargo/registry/src/index.crates.io-1949cf8c6b5b557f/curl-sys-0.4.84+curl-8.17.0) to /data/data/com.termux.nix/files/home/pick-up-nix2/vendor/rust/cargo2nix/submodules/cargo/vendor/curl-sys
   Vendoring darling v0.20.11 (/data/data/com.termux.nix/files/home/.cargo/registry/src/index.crates.io-1949cf8c6b5b557f/darling-0.20.11) to /data/data/com.termux.nix/files/home/pick-up-nix2/vendor/rust/cargo2nix/submodules/cargo/vendor/darling
   Vendoring darling_core v0.20.11 (/data/data/com.termux.nix/files/home/.cargo/registry/src/index.crates.io-1949cf8c6b5b557f/darling_core-0.20.11) to /data/data/com.termux.nix/files/home/pick-up-nix2/vendor/rust/cargo2nix/submodules/cargo/vendor/darling_core
   Vendoring darling_macro v0.20.11 (/data/data/com.termux.nix/files/home/.cargo/registry/src/index.crates.io-1949cf8c6b5b557f/darling_macro-0.20.11) to /data/data/com.termux.nix/files/home/pick-up-nix2/vendor/rust/cargo2nix/submodules/cargo/vendor/darling_macro
   Vendoring dashmap v6.1.0 (/data/data/com.termux.nix/files/home/.cargo/registry/src/index.crates.io-1949cf8c6b5b557f/dashmap-6.1.0) to /data/data/com.termux.nix/files/home/pick-up-nix2/vendor/rust/cargo2nix/submodules/cargo/vendor/dashmap
   Vendoring der v0.7.10 (/data/data/com.termux.nix/files/home/.cargo/registry/src/index.crates.io-1949cf8c6b5b557f/der-0.7.10) to /data/data/com.termux.nix/files/home/pick-up-nix2/vendor/rust/cargo2nix/submodules/cargo/vendor/der
   Vendoring deranged v0.5.5 (/data/data/com.termux.nix/files/home/.cargo/registry/src/index.crates.io-1949cf8c6b5b557f/deranged-0.5.5) to /data/data/com.termux.nix/files/home/pick-up-nix2/vendor/rust/cargo2nix/submodules/cargo/vendor/deranged
   Vendoring derive_builder v0.20.2 (/data/data/com.termux.nix/files/home/.cargo/registry/src/index.crates.io-1949cf8c6b5b557f/derive_builder-0.20.2) to /data/data/com.termux.nix/files/home/pick-up-nix2/vendor/rust/cargo2nix/submodules/cargo/vendor/derive_builder
   Vendoring derive_builder_core v0.20.2 (/data/data/com.termux.nix/files/home/.cargo/registry/src/index.crates.io-1949cf8c6b5b557f/derive_builder_core-0.20.2) to /data/data/com.termux.nix/files/home/pick-up-nix2/vendor/rust/cargo2nix/submodules/cargo/vendor/derive_builder_core
   Vendoring derive_builder_macro v0.20.2 (/data/data/com.termux.nix/files/home/.cargo/registry/src/index.crates.io-1949cf8c6b5b557f/derive_builder_macro-0.20.2) to /data/data/com.termux.nix/files/home/pick-up-nix2/vendor/rust/cargo2nix/submodules/cargo/vendor/derive_builder_macro
   Vendoring digest v0.10.7 (/data/data/com.termux.nix/files/home/.cargo/registry/src/index.crates.io-1949cf8c6b5b557f/digest-0.10.7) to /data/data/com.termux.nix/files/home/pick-up-nix2/vendor/rust/cargo2nix/submodules/cargo/vendor/digest
   Vendoring displaydoc v0.2.5 (/data/data/com.termux.nix/files/home/.cargo/registry/src/index.crates.io-1949cf8c6b5b557f/displaydoc-0.2.5) to /data/data/com.termux.nix/files/home/pick-up-nix2/vendor/rust/cargo2nix/submodules/cargo/vendor/displaydoc
   Vendoring dunce v1.0.5 (/data/data/com.termux.nix/files/home/.cargo/registry/src/index.crates.io-1949cf8c6b5b557f/dunce-1.0.5) to /data/data/com.termux.nix/files/home/pick-up-nix2/vendor/rust/cargo2nix/submodules/cargo/vendor/dunce
   Vendoring dyn-clone v1.0.20 (/data/data/com.termux.nix/files/home/.cargo/registry/src/index.crates.io-1949cf8c6b5b557f/dyn-clone-1.0.20) to /data/data/com.termux.nix/files/home/pick-up-nix2/vendor/rust/cargo2nix/submodules/cargo/vendor/dyn-clone
   Vendoring ecdsa v0.16.9 (/data/data/com.termux.nix/files/home/.cargo/registry/src/index.crates.io-1949cf8c6b5b557f/ecdsa-0.16.9) to /data/data/com.termux.nix/files/home/pick-up-nix2/vendor/rust/cargo2nix/submodules/cargo/vendor/ecdsa
   Vendoring ed25519-compact v2.1.1 (/data/data/com.termux.nix/files/home/.cargo/registry/src/index.crates.io-1949cf8c6b5b557f/ed25519-compact-2.1.1) to /data/data/com.termux.nix/files/home/pick-up-nix2/vendor/rust/cargo2nix/submodules/cargo/vendor/ed25519-compact
   Vendoring either v1.15.0 (/data/data/com.termux.nix/files/home/.cargo/registry/src/index.crates.io-1949cf8c6b5b557f/either-1.15.0) to /data/data/com.termux.nix/files/home/pick-up-nix2/vendor/rust/cargo2nix/submodules/cargo/vendor/either
   Vendoring elliptic-curve v0.13.8 (/data/data/com.termux.nix/files/home/.cargo/registry/src/index.crates.io-1949cf8c6b5b557f/elliptic-curve-0.13.8) to /data/data/com.termux.nix/files/home/pick-up-nix2/vendor/rust/cargo2nix/submodules/cargo/vendor/elliptic-curve
   Vendoring encoding_rs v0.8.35 (/data/data/com.termux.nix/files/home/.cargo/registry/src/index.crates.io-1949cf8c6b5b557f/encoding_rs-0.8.35) to /data/data/com.termux.nix/files/home/pick-up-nix2/vendor/rust/cargo2nix/submodules/cargo/vendor/encoding_rs
   Vendoring equivalent v1.0.2 (/data/data/com.termux.nix/files/home/.cargo/registry/src/index.crates.io-1949cf8c6b5b557f/equivalent-1.0.2) to /data/data/com.termux.nix/files/home/pick-up-nix2/vendor/rust/cargo2nix/submodules/cargo/vendor/equivalent
   Vendoring erased-serde v0.4.8 (/data/data/com.termux.nix/files/home/.cargo/registry/src/index.crates.io-1949cf8c6b5b557f/erased-serde-0.4.8) to /data/data/com.termux.nix/files/home/pick-up-nix2/vendor/rust/cargo2nix/submodules/cargo/vendor/erased-serde
   Vendoring errno v0.3.14 (/data/data/com.termux.nix/files/home/.cargo/registry/src/index.crates.io-1949cf8c6b5b557f/errno-0.3.14) to /data/data/com.termux.nix/files/home/pick-up-nix2/vendor/rust/cargo2nix/submodules/cargo/vendor/errno
   Vendoring escargot v0.5.15 (/data/data/com.termux.nix/files/home/.cargo/registry/src/index.crates.io-1949cf8c6b5b557f/escargot-0.5.15) to /data/data/com.termux.nix/files/home/pick-up-nix2/vendor/rust/cargo2nix/submodules/cargo/vendor/escargot
   Vendoring fallible-iterator v0.3.0 (/data/data/com.termux.nix/files/home/.cargo/registry/src/index.crates.io-1949cf8c6b5b557f/fallible-iterator-0.3.0) to /data/data/com.termux.nix/files/home/pick-up-nix2/vendor/rust/cargo2nix/submodules/cargo/vendor/fallible-iterator
   Vendoring fallible-streaming-iterator v0.1.9 (/data/data/com.termux.nix/files/home/.cargo/registry/src/index.crates.io-1949cf8c6b5b557f/fallible-streaming-iterator-0.1.9) to /data/data/com.termux.nix/files/home/pick-up-nix2/vendor/rust/cargo2nix/submodules/cargo/vendor/fallible-streaming-iterator
   Vendoring faster-hex v0.10.0 (/data/data/com.termux.nix/files/home/.cargo/registry/src/index.crates.io-1949cf8c6b5b557f/faster-hex-0.10.0) to /data/data/com.termux.nix/files/home/pick-up-nix2/vendor/rust/cargo2nix/submodules/cargo/vendor/faster-hex
   Vendoring fastrand v2.3.0 (/data/data/com.termux.nix/files/home/.cargo/registry/src/index.crates.io-1949cf8c6b5b557f/fastrand-2.3.0) to /data/data/com.termux.nix/files/home/pick-up-nix2/vendor/rust/cargo2nix/submodules/cargo/vendor/fastrand
   Vendoring ff v0.13.1 (/data/data/com.termux.nix/files/home/.cargo/registry/src/index.crates.io-1949cf8c6b5b557f/ff-0.13.1) to /data/data/com.termux.nix/files/home/pick-up-nix2/vendor/rust/cargo2nix/submodules/cargo/vendor/ff
   Vendoring fiat-crypto v0.3.0 (/data/data/com.termux.nix/files/home/.cargo/registry/src/index.crates.io-1949cf8c6b5b557f/fiat-crypto-0.3.0) to /data/data/com.termux.nix/files/home/pick-up-nix2/vendor/rust/cargo2nix/submodules/cargo/vendor/fiat-crypto
   Vendoring filetime v0.2.26 (/data/data/com.termux.nix/files/home/.cargo/registry/src/index.crates.io-1949cf8c6b5b557f/filetime-0.2.26) to /data/data/com.termux.nix/files/home/pick-up-nix2/vendor/rust/cargo2nix/submodules/cargo/vendor/filetime
   Vendoring find-msvc-tools v0.1.4 (/data/data/com.termux.nix/files/home/.cargo/registry/src/index.crates.io-1949cf8c6b5b557f/find-msvc-tools-0.1.4) to /data/data/com.termux.nix/files/home/pick-up-nix2/vendor/rust/cargo2nix/submodules/cargo/vendor/find-msvc-tools
   Vendoring flate2 v1.1.5 (/data/data/com.termux.nix/files/home/.cargo/registry/src/index.crates.io-1949cf8c6b5b557f/flate2-1.1.5) to /data/data/com.termux.nix/files/home/pick-up-nix2/vendor/rust/cargo2nix/submodules/cargo/vendor/flate2
   Vendoring fnv v1.0.7 (/data/data/com.termux.nix/files/home/.cargo/registry/src/index.crates.io-1949cf8c6b5b557f/fnv-1.0.7) to /data/data/com.termux.nix/files/home/pick-up-nix2/vendor/rust/cargo2nix/submodules/cargo/vendor/fnv
   Vendoring foldhash v0.2.0 (/data/data/com.termux.nix/files/home/.cargo/registry/src/index.crates.io-1949cf8c6b5b557f/foldhash-0.2.0) to /data/data/com.termux.nix/files/home/pick-up-nix2/vendor/rust/cargo2nix/submodules/cargo/vendor/foldhash
   Vendoring foreign-types v0.3.2 (/data/data/com.termux.nix/files/home/.cargo/registry/src/index.crates.io-1949cf8c6b5b557f/foreign-types-0.3.2) to /data/data/com.termux.nix/files/home/pick-up-nix2/vendor/rust/cargo2nix/submodules/cargo/vendor/foreign-types
   Vendoring foreign-types-shared v0.1.1 (/data/data/com.termux.nix/files/home/.cargo/registry/src/index.crates.io-1949cf8c6b5b557f/foreign-types-shared-0.1.1) to /data/data/com.termux.nix/files/home/pick-up-nix2/vendor/rust/cargo2nix/submodules/cargo/vendor/foreign-types-shared
   Vendoring form_urlencoded v1.2.2 (/data/data/com.termux.nix/files/home/.cargo/registry/src/index.crates.io-1949cf8c6b5b557f/form_urlencoded-1.2.2) to /data/data/com.termux.nix/files/home/pick-up-nix2/vendor/rust/cargo2nix/submodules/cargo/vendor/form_urlencoded
   Vendoring futures-channel v0.3.31 (/data/data/com.termux.nix/files/home/.cargo/registry/src/index.crates.io-1949cf8c6b5b557f/futures-channel-0.3.31) to /data/data/com.termux.nix/files/home/pick-up-nix2/vendor/rust/cargo2nix/submodules/cargo/vendor/futures-channel
   Vendoring futures-core v0.3.31 (/data/data/com.termux.nix/files/home/.cargo/registry/src/index.crates.io-1949cf8c6b5b557f/futures-core-0.3.31) to /data/data/com.termux.nix/files/home/pick-up-nix2/vendor/rust/cargo2nix/submodules/cargo/vendor/futures-core
   Vendoring futures-io v0.3.31 (/data/data/com.termux.nix/files/home/.cargo/registry/src/index.crates.io-1949cf8c6b5b557f/futures-io-0.3.31) to /data/data/com.termux.nix/files/home/pick-up-nix2/vendor/rust/cargo2nix/submodules/cargo/vendor/futures-io
   Vendoring futures-sink v0.3.31 (/data/data/com.termux.nix/files/home/.cargo/registry/src/index.crates.io-1949cf8c6b5b557f/futures-sink-0.3.31) to /data/data/com.termux.nix/files/home/pick-up-nix2/vendor/rust/cargo2nix/submodules/cargo/vendor/futures-sink
   Vendoring futures-task v0.3.31 (/data/data/com.termux.nix/files/home/.cargo/registry/src/index.crates.io-1949cf8c6b5b557f/futures-task-0.3.31) to /data/data/com.termux.nix/files/home/pick-up-nix2/vendor/rust/cargo2nix/submodules/cargo/vendor/futures-task
   Vendoring futures-util v0.3.31 (/data/data/com.termux.nix/files/home/.cargo/registry/src/index.crates.io-1949cf8c6b5b557f/futures-util-0.3.31) to /data/data/com.termux.nix/files/home/pick-up-nix2/vendor/rust/cargo2nix/submodules/cargo/vendor/futures-util
   Vendoring generic-array v0.14.9 (/data/data/com.termux.nix/files/home/.cargo/registry/src/index.crates.io-1949cf8c6b5b557f/generic-array-0.14.9) to /data/data/com.termux.nix/files/home/pick-up-nix2/vendor/rust/cargo2nix/submodules/cargo/vendor/generic-array
   Vendoring getrandom v0.3.4 (/data/data/com.termux.nix/files/home/.cargo/registry/src/index.crates.io-1949cf8c6b5b557f/getrandom-0.3.4) to /data/data/com.termux.nix/files/home/pick-up-nix2/vendor/rust/cargo2nix/submodules/cargo/vendor/getrandom
   Vendoring git2 v0.20.2 (/data/data/com.termux.nix/files/home/.cargo/registry/src/index.crates.io-1949cf8c6b5b557f/git2-0.20.2) to /data/data/com.termux.nix/files/home/pick-up-nix2/vendor/rust/cargo2nix/submodules/cargo/vendor/git2
   Vendoring git2-curl v0.21.0 (/data/data/com.termux.nix/files/home/.cargo/registry/src/index.crates.io-1949cf8c6b5b557f/git2-curl-0.21.0) to /data/data/com.termux.nix/files/home/pick-up-nix2/vendor/rust/cargo2nix/submodules/cargo/vendor/git2-curl
   Vendoring gix v0.74.1 (/data/data/com.termux.nix/files/home/.cargo/registry/src/index.crates.io-1949cf8c6b5b557f/gix-0.74.1) to /data/data/com.termux.nix/files/home/pick-up-nix2/vendor/rust/cargo2nix/submodules/cargo/vendor/gix
   Vendoring gix-actor v0.35.6 (/data/data/com.termux.nix/files/home/.cargo/registry/src/index.crates.io-1949cf8c6b5b557f/gix-actor-0.35.6) to /data/data/com.termux.nix/files/home/pick-up-nix2/vendor/rust/cargo2nix/submodules/cargo/vendor/gix-actor
   Vendoring gix-attributes v0.28.1 (/data/data/com.termux.nix/files/home/.cargo/registry/src/index.crates.io-1949cf8c6b5b557f/gix-attributes-0.28.1) to /data/data/com.termux.nix/files/home/pick-up-nix2/vendor/rust/cargo2nix/submodules/cargo/vendor/gix-attributes
   Vendoring gix-bitmap v0.2.15 (/data/data/com.termux.nix/files/home/.cargo/registry/src/index.crates.io-1949cf8c6b5b557f/gix-bitmap-0.2.15) to /data/data/com.termux.nix/files/home/pick-up-nix2/vendor/rust/cargo2nix/submodules/cargo/vendor/gix-bitmap
   Vendoring gix-chunk v0.4.12 (/data/data/com.termux.nix/files/home/.cargo/registry/src/index.crates.io-1949cf8c6b5b557f/gix-chunk-0.4.12) to /data/data/com.termux.nix/files/home/pick-up-nix2/vendor/rust/cargo2nix/submodules/cargo/vendor/gix-chunk
   Vendoring gix-command v0.6.3 (/data/data/com.termux.nix/files/home/.cargo/registry/src/index.crates.io-1949cf8c6b5b557f/gix-command-0.6.3) to /data/data/com.termux.nix/files/home/pick-up-nix2/vendor/rust/cargo2nix/submodules/cargo/vendor/gix-command
   Vendoring gix-commitgraph v0.30.1 (/data/data/com.termux.nix/files/home/.cargo/registry/src/index.crates.io-1949cf8c6b5b557f/gix-commitgraph-0.30.1) to /data/data/com.termux.nix/files/home/pick-up-nix2/vendor/rust/cargo2nix/submodules/cargo/vendor/gix-commitgraph
   Vendoring gix-config v0.47.1 (/data/data/com.termux.nix/files/home/.cargo/registry/src/index.crates.io-1949cf8c6b5b557f/gix-config-0.47.1) to /data/data/com.termux.nix/files/home/pick-up-nix2/vendor/rust/cargo2nix/submodules/cargo/vendor/gix-config
   Vendoring gix-config-value v0.15.3 (/data/data/com.termux.nix/files/home/.cargo/registry/src/index.crates.io-1949cf8c6b5b557f/gix-config-value-0.15.3) to /data/data/com.termux.nix/files/home/pick-up-nix2/vendor/rust/cargo2nix/submodules/cargo/vendor/gix-config-value
   Vendoring gix-credentials v0.31.1 (/data/data/com.termux.nix/files/home/.cargo/registry/src/index.crates.io-1949cf8c6b5b557f/gix-credentials-0.31.1) to /data/data/com.termux.nix/files/home/pick-up-nix2/vendor/rust/cargo2nix/submodules/cargo/vendor/gix-credentials
   Vendoring gix-date v0.10.7 (/data/data/com.termux.nix/files/home/.cargo/registry/src/index.crates.io-1949cf8c6b5b557f/gix-date-0.10.7) to /data/data/com.termux.nix/files/home/pick-up-nix2/vendor/rust/cargo2nix/submodules/cargo/vendor/gix-date
   Vendoring gix-diff v0.54.1 (/data/data/com.termux.nix/files/home/.cargo/registry/src/index.crates.io-1949cf8c6b5b557f/gix-diff-0.54.1) to /data/data/com.termux.nix/files/home/pick-up-nix2/vendor/rust/cargo2nix/submodules/cargo/vendor/gix-diff
   Vendoring gix-dir v0.16.0 (/data/data/com.termux.nix/files/home/.cargo/registry/src/index.crates.io-1949cf8c6b5b557f/gix-dir-0.16.0) to /data/data/com.termux.nix/files/home/pick-up-nix2/vendor/rust/cargo2nix/submodules/cargo/vendor/gix-dir
   Vendoring gix-discover v0.42.0 (/data/data/com.termux.nix/files/home/.cargo/registry/src/index.crates.io-1949cf8c6b5b557f/gix-discover-0.42.0) to /data/data/com.termux.nix/files/home/pick-up-nix2/vendor/rust/cargo2nix/submodules/cargo/vendor/gix-discover
   Vendoring gix-features v0.44.1 (/data/data/com.termux.nix/files/home/.cargo/registry/src/index.crates.io-1949cf8c6b5b557f/gix-features-0.44.1) to /data/data/com.termux.nix/files/home/pick-up-nix2/vendor/rust/cargo2nix/submodules/cargo/vendor/gix-features
   Vendoring gix-filter v0.21.0 (/data/data/com.termux.nix/files/home/.cargo/registry/src/index.crates.io-1949cf8c6b5b557f/gix-filter-0.21.0) to /data/data/com.termux.nix/files/home/pick-up-nix2/vendor/rust/cargo2nix/submodules/cargo/vendor/gix-filter
   Vendoring gix-fs v0.17.0 (/data/data/com.termux.nix/files/home/.cargo/registry/src/index.crates.io-1949cf8c6b5b557f/gix-fs-0.17.0) to /data/data/com.termux.nix/files/home/pick-up-nix2/vendor/rust/cargo2nix/submodules/cargo/vendor/gix-fs
   Vendoring gix-glob v0.22.1 (/data/data/com.termux.nix/files/home/.cargo/registry/src/index.crates.io-1949cf8c6b5b557f/gix-glob-0.22.1) to /data/data/com.termux.nix/files/home/pick-up-nix2/vendor/rust/cargo2nix/submodules/cargo/vendor/gix-glob
   Vendoring gix-hash v0.20.1 (/data/data/com.termux.nix/files/home/.cargo/registry/src/index.crates.io-1949cf8c6b5b557f/gix-hash-0.20.1) to /data/data/com.termux.nix/files/home/pick-up-nix2/vendor/rust/cargo2nix/submodules/cargo/vendor/gix-hash
   Vendoring gix-hashtable v0.10.0 (/data/data/com.termux.nix/files/home/.cargo/registry/src/index.crates.io-1949cf8c6b5b557f/gix-hashtable-0.10.0) to /data/data/com.termux.nix/files/home/pick-up-nix2/vendor/rust/cargo2nix/submodules/cargo/vendor/gix-hashtable
   Vendoring gix-ignore v0.17.1 (/data/data/com.termux.nix/files/home/.cargo/registry/src/index.crates.io-1949cf8c6b5b557f/gix-ignore-0.17.1) to /data/data/com.termux.nix/files/home/pick-up-nix2/vendor/rust/cargo2nix/submodules/cargo/vendor/gix-ignore
   Vendoring gix-index v0.42.1 (/data/data/com.termux.nix/files/home/.cargo/registry/src/index.crates.io-1949cf8c6b5b557f/gix-index-0.42.1) to /data/data/com.termux.nix/files/home/pick-up-nix2/vendor/rust/cargo2nix/submodules/cargo/vendor/gix-index
   Vendoring gix-lock v19.0.0 (/data/data/com.termux.nix/files/home/.cargo/registry/src/index.crates.io-1949cf8c6b5b557f/gix-lock-19.0.0) to /data/data/com.termux.nix/files/home/pick-up-nix2/vendor/rust/cargo2nix/submodules/cargo/vendor/gix-lock
   Vendoring gix-negotiate v0.22.0 (/data/data/com.termux.nix/files/home/.cargo/registry/src/index.crates.io-1949cf8c6b5b557f/gix-negotiate-0.22.0) to /data/data/com.termux.nix/files/home/pick-up-nix2/vendor/rust/cargo2nix/submodules/cargo/vendor/gix-negotiate
   Vendoring gix-object v0.51.1 (/data/data/com.termux.nix/files/home/.cargo/registry/src/index.crates.io-1949cf8c6b5b557f/gix-object-0.51.1) to /data/data/com.termux.nix/files/home/pick-up-nix2/vendor/rust/cargo2nix/submodules/cargo/vendor/gix-object
   Vendoring gix-odb v0.71.1 (/data/data/com.termux.nix/files/home/.cargo/registry/src/index.crates.io-1949cf8c6b5b557f/gix-odb-0.71.1) to /data/data/com.termux.nix/files/home/pick-up-nix2/vendor/rust/cargo2nix/submodules/cargo/vendor/gix-odb
   Vendoring gix-pack v0.61.1 (/data/data/com.termux.nix/files/home/.cargo/registry/src/index.crates.io-1949cf8c6b5b557f/gix-pack-0.61.1) to /data/data/com.termux.nix/files/home/pick-up-nix2/vendor/rust/cargo2nix/submodules/cargo/vendor/gix-pack
   Vendoring gix-packetline v0.19.3 (/data/data/com.termux.nix/files/home/.cargo/registry/src/index.crates.io-1949cf8c6b5b557f/gix-packetline-0.19.3) to /data/data/com.termux.nix/files/home/pick-up-nix2/vendor/rust/cargo2nix/submodules/cargo/vendor/gix-packetline
   Vendoring gix-packetline-blocking v0.19.3 (/data/data/com.termux.nix/files/home/.cargo/registry/src/index.crates.io-1949cf8c6b5b557f/gix-packetline-blocking-0.19.3) to /data/data/com.termux.nix/files/home/pick-up-nix2/vendor/rust/cargo2nix/submodules/cargo/vendor/gix-packetline-blocking
   Vendoring gix-path v0.10.21 (/data/data/com.termux.nix/files/home/.cargo/registry/src/index.crates.io-1949cf8c6b5b557f/gix-path-0.10.21) to /data/data/com.termux.nix/files/home/pick-up-nix2/vendor/rust/cargo2nix/submodules/cargo/vendor/gix-path
   Vendoring gix-pathspec v0.13.0 (/data/data/com.termux.nix/files/home/.cargo/registry/src/index.crates.io-1949cf8c6b5b557f/gix-pathspec-0.13.0) to /data/data/com.termux.nix/files/home/pick-up-nix2/vendor/rust/cargo2nix/submodules/cargo/vendor/gix-pathspec
   Vendoring gix-prompt v0.11.2 (/data/data/com.termux.nix/files/home/.cargo/registry/src/index.crates.io-1949cf8c6b5b557f/gix-prompt-0.11.2) to /data/data/com.termux.nix/files/home/pick-up-nix2/vendor/rust/cargo2nix/submodules/cargo/vendor/gix-prompt
   Vendoring gix-protocol v0.52.1 (/data/data/com.termux.nix/files/home/.cargo/registry/src/index.crates.io-1949cf8c6b5b557f/gix-protocol-0.52.1) to /data/data/com.termux.nix/files/home/pick-up-nix2/vendor/rust/cargo2nix/submodules/cargo/vendor/gix-protocol
   Vendoring gix-quote v0.6.1 (/data/data/com.termux.nix/files/home/.cargo/registry/src/index.crates.io-1949cf8c6b5b557f/gix-quote-0.6.1) to /data/data/com.termux.nix/files/home/pick-up-nix2/vendor/rust/cargo2nix/submodules/cargo/vendor/gix-quote
   Vendoring gix-ref v0.54.1 (/data/data/com.termux.nix/files/home/.cargo/registry/src/index.crates.io-1949cf8c6b5b557f/gix-ref-0.54.1) to /data/data/com.termux.nix/files/home/pick-up-nix2/vendor/rust/cargo2nix/submodules/cargo/vendor/gix-ref
   Vendoring gix-refspec v0.32.0 (/data/data/com.termux.nix/files/home/.cargo/registry/src/index.crates.io-1949cf8c6b5b557f/gix-refspec-0.32.0) to /data/data/com.termux.nix/files/home/pick-up-nix2/vendor/rust/cargo2nix/submodules/cargo/vendor/gix-refspec
   Vendoring gix-revision v0.36.1 (/data/data/com.termux.nix/files/home/.cargo/registry/src/index.crates.io-1949cf8c6b5b557f/gix-revision-0.36.1) to /data/data/com.termux.nix/files/home/pick-up-nix2/vendor/rust/cargo2nix/submodules/cargo/vendor/gix-revision
   Vendoring gix-revwalk v0.22.0 (/data/data/com.termux.nix/files/home/.cargo/registry/src/index.crates.io-1949cf8c6b5b557f/gix-revwalk-0.22.0) to /data/data/com.termux.nix/files/home/pick-up-nix2/vendor/rust/cargo2nix/submodules/cargo/vendor/gix-revwalk
   Vendoring gix-sec v0.12.2 (/data/data/com.termux.nix/files/home/.cargo/registry/src/index.crates.io-1949cf8c6b5b557f/gix-sec-0.12.2) to /data/data/com.termux.nix/files/home/pick-up-nix2/vendor/rust/cargo2nix/submodules/cargo/vendor/gix-sec
   Vendoring gix-shallow v0.6.0 (/data/data/com.termux.nix/files/home/.cargo/registry/src/index.crates.io-1949cf8c6b5b557f/gix-shallow-0.6.0) to /data/data/com.termux.nix/files/home/pick-up-nix2/vendor/rust/cargo2nix/submodules/cargo/vendor/gix-shallow
   Vendoring gix-status v0.21.1 (/data/data/com.termux.nix/files/home/.cargo/registry/src/index.crates.io-1949cf8c6b5b557f/gix-status-0.21.1) to /data/data/com.termux.nix/files/home/pick-up-nix2/vendor/rust/cargo2nix/submodules/cargo/vendor/gix-status
   Vendoring gix-submodule v0.21.0 (/data/data/com.termux.nix/files/home/.cargo/registry/src/index.crates.io-1949cf8c6b5b557f/gix-submodule-0.21.0) to /data/data/com.termux.nix/files/home/pick-up-nix2/vendor/rust/cargo2nix/submodules/cargo/vendor/gix-submodule
   Vendoring gix-tempfile v19.0.1 (/data/data/com.termux.nix/files/home/.cargo/registry/src/index.crates.io-1949cf8c6b5b557f/gix-tempfile-19.0.1) to /data/data/com.termux.nix/files/home/pick-up-nix2/vendor/rust/cargo2nix/submodules/cargo/vendor/gix-tempfile
   Vendoring gix-trace v0.1.15 (/data/data/com.termux.nix/files/home/.cargo/registry/src/index.crates.io-1949cf8c6b5b557f/gix-trace-0.1.15) to /data/data/com.termux.nix/files/home/pick-up-nix2/vendor/rust/cargo2nix/submodules/cargo/vendor/gix-trace
   Vendoring gix-transport v0.49.1 (/data/data/com.termux.nix/files/home/.cargo/registry/src/index.crates.io-1949cf8c6b5b557f/gix-transport-0.49.1) to /data/data/com.termux.nix/files/home/pick-up-nix2/vendor/rust/cargo2nix/submodules/cargo/vendor/gix-transport
   Vendoring gix-traverse v0.48.0 (/data/data/com.termux.nix/files/home/.cargo/registry/src/index.crates.io-1949cf8c6b5b557f/gix-traverse-0.48.0) to /data/data/com.termux.nix/files/home/pick-up-nix2/vendor/rust/cargo2nix/submodules/cargo/vendor/gix-traverse
   Vendoring gix-url v0.33.1 (/data/data/com.termux.nix/files/home/.cargo/registry/src/index.crates.io-1949cf8c6b5b557f/gix-url-0.33.1) to /data/data/com.termux.nix/files/home/pick-up-nix2/vendor/rust/cargo2nix/submodules/cargo/vendor/gix-url
   Vendoring gix-utils v0.3.1 (/data/data/com.termux.nix/files/home/.cargo/registry/src/index.crates.io-1949cf8c6b5b557f/gix-utils-0.3.1) to /data/data/com.termux.nix/files/home/pick-up-nix2/vendor/rust/cargo2nix/submodules/cargo/vendor/gix-utils
   Vendoring gix-validate v0.10.1 (/data/data/com.termux.nix/files/home/.cargo/registry/src/index.crates.io-1949cf8c6b5b557f/gix-validate-0.10.1) to /data/data/com.termux.nix/files/home/pick-up-nix2/vendor/rust/cargo2nix/submodules/cargo/vendor/gix-validate
   Vendoring gix-worktree v0.43.1 (/data/data/com.termux.nix/files/home/.cargo/registry/src/index.crates.io-1949cf8c6b5b557f/gix-worktree-0.43.1) to /data/data/com.termux.nix/files/home/pick-up-nix2/vendor/rust/cargo2nix/submodules/cargo/vendor/gix-worktree
   Vendoring glob v0.3.3 (/data/data/com.termux.nix/files/home/.cargo/registry/src/index.crates.io-1949cf8c6b5b557f/glob-0.3.3) to /data/data/com.termux.nix/files/home/pick-up-nix2/vendor/rust/cargo2nix/submodules/cargo/vendor/glob
   Vendoring globset v0.4.18 (/data/data/com.termux.nix/files/home/.cargo/registry/src/index.crates.io-1949cf8c6b5b557f/globset-0.4.18) to /data/data/com.termux.nix/files/home/pick-up-nix2/vendor/rust/cargo2nix/submodules/cargo/vendor/globset
   Vendoring group v0.13.0 (/data/data/com.termux.nix/files/home/.cargo/registry/src/index.crates.io-1949cf8c6b5b557f/group-0.13.0) to /data/data/com.termux.nix/files/home/pick-up-nix2/vendor/rust/cargo2nix/submodules/cargo/vendor/group
   Vendoring h2 v0.4.12 (/data/data/com.termux.nix/files/home/.cargo/registry/src/index.crates.io-1949cf8c6b5b557f/h2-0.4.12) to /data/data/com.termux.nix/files/home/pick-up-nix2/vendor/rust/cargo2nix/submodules/cargo/vendor/h2
   Vendoring half v2.7.1 (/data/data/com.termux.nix/files/home/.cargo/registry/src/index.crates.io-1949cf8c6b5b557f/half-2.7.1) to /data/data/com.termux.nix/files/home/pick-up-nix2/vendor/rust/cargo2nix/submodules/cargo/vendor/half
   Vendoring handlebars v6.3.1 (/data/data/com.termux.nix/files/home/.cargo/registry/src/index.crates.io-1949cf8c6b5b557f/handlebars-6.3.1) to /data/data/com.termux.nix/files/home/pick-up-nix2/vendor/rust/cargo2nix/submodules/cargo/vendor/handlebars
   Vendoring hash32 v0.3.1 (/data/data/com.termux.nix/files/home/.cargo/registry/src/index.crates.io-1949cf8c6b5b557f/hash32-0.3.1) to /data/data/com.termux.nix/files/home/pick-up-nix2/vendor/rust/cargo2nix/submodules/cargo/vendor/hash32
   Vendoring hashbrown v0.16.0 (/data/data/com.termux.nix/files/home/.cargo/registry/src/index.crates.io-1949cf8c6b5b557f/hashbrown-0.16.0) to /data/data/com.termux.nix/files/home/pick-up-nix2/vendor/rust/cargo2nix/submodules/cargo/vendor/hashbrown
   Vendoring hashlink v0.10.0 (/data/data/com.termux.nix/files/home/.cargo/registry/src/index.crates.io-1949cf8c6b5b557f/hashlink-0.10.0) to /data/data/com.termux.nix/files/home/pick-up-nix2/vendor/rust/cargo2nix/submodules/cargo/vendor/hashlink
   Vendoring heapless v0.8.0 (/data/data/com.termux.nix/files/home/.cargo/registry/src/index.crates.io-1949cf8c6b5b557f/heapless-0.8.0) to /data/data/com.termux.nix/files/home/pick-up-nix2/vendor/rust/cargo2nix/submodules/cargo/vendor/heapless
   Vendoring hex v0.4.3 (/data/data/com.termux.nix/files/home/.cargo/registry/src/index.crates.io-1949cf8c6b5b557f/hex-0.4.3) to /data/data/com.termux.nix/files/home/pick-up-nix2/vendor/rust/cargo2nix/submodules/cargo/vendor/hex
   Vendoring hkdf v0.12.4 (/data/data/com.termux.nix/files/home/.cargo/registry/src/index.crates.io-1949cf8c6b5b557f/hkdf-0.12.4) to /data/data/com.termux.nix/files/home/pick-up-nix2/vendor/rust/cargo2nix/submodules/cargo/vendor/hkdf
   Vendoring hmac v0.12.1 (/data/data/com.termux.nix/files/home/.cargo/registry/src/index.crates.io-1949cf8c6b5b557f/hmac-0.12.1) to /data/data/com.termux.nix/files/home/pick-up-nix2/vendor/rust/cargo2nix/submodules/cargo/vendor/hmac
   Vendoring home v0.5.12 (/data/data/com.termux.nix/files/home/.cargo/registry/src/index.crates.io-1949cf8c6b5b557f/home-0.5.12) to /data/data/com.termux.nix/files/home/pick-up-nix2/vendor/rust/cargo2nix/submodules/cargo/vendor/home
   Vendoring html-escape v0.2.13 (/data/data/com.termux.nix/files/home/.cargo/registry/src/index.crates.io-1949cf8c6b5b557f/html-escape-0.2.13) to /data/data/com.termux.nix/files/home/pick-up-nix2/vendor/rust/cargo2nix/submodules/cargo/vendor/html-escape
   Vendoring http v1.3.1 (/data/data/com.termux.nix/files/home/.cargo/registry/src/index.crates.io-1949cf8c6b5b557f/http-1.3.1) to /data/data/com.termux.nix/files/home/pick-up-nix2/vendor/rust/cargo2nix/submodules/cargo/vendor/http
   Vendoring http-auth v0.1.10 (/data/data/com.termux.nix/files/home/.cargo/registry/src/index.crates.io-1949cf8c6b5b557f/http-auth-0.1.10) to /data/data/com.termux.nix/files/home/pick-up-nix2/vendor/rust/cargo2nix/submodules/cargo/vendor/http-auth
   Vendoring http-body v1.0.1 (/data/data/com.termux.nix/files/home/.cargo/registry/src/index.crates.io-1949cf8c6b5b557f/http-body-1.0.1) to /data/data/com.termux.nix/files/home/pick-up-nix2/vendor/rust/cargo2nix/submodules/cargo/vendor/http-body
   Vendoring http-body-util v0.1.3 (/data/data/com.termux.nix/files/home/.cargo/registry/src/index.crates.io-1949cf8c6b5b557f/http-body-util-0.1.3) to /data/data/com.termux.nix/files/home/pick-up-nix2/vendor/rust/cargo2nix/submodules/cargo/vendor/http-body-util
   Vendoring httparse v1.10.1 (/data/data/com.termux.nix/files/home/.cargo/registry/src/index.crates.io-1949cf8c6b5b557f/httparse-1.10.1) to /data/data/com.termux.nix/files/home/pick-up-nix2/vendor/rust/cargo2nix/submodules/cargo/vendor/httparse
   Vendoring hyper v1.7.0 (/data/data/com.termux.nix/files/home/.cargo/registry/src/index.crates.io-1949cf8c6b5b557f/hyper-1.7.0) to /data/data/com.termux.nix/files/home/pick-up-nix2/vendor/rust/cargo2nix/submodules/cargo/vendor/hyper
   Vendoring hyper-rustls v0.27.7 (/data/data/com.termux.nix/files/home/.cargo/registry/src/index.crates.io-1949cf8c6b5b557f/hyper-rustls-0.27.7) to /data/data/com.termux.nix/files/home/pick-up-nix2/vendor/rust/cargo2nix/submodules/cargo/vendor/hyper-rustls
   Vendoring hyper-util v0.1.17 (/data/data/com.termux.nix/files/home/.cargo/registry/src/index.crates.io-1949cf8c6b5b557f/hyper-util-0.1.17) to /data/data/com.termux.nix/files/home/pick-up-nix2/vendor/rust/cargo2nix/submodules/cargo/vendor/hyper-util
   Vendoring icu_collections v2.1.1 (/data/data/com.termux.nix/files/home/.cargo/registry/src/index.crates.io-1949cf8c6b5b557f/icu_collections-2.1.1) to /data/data/com.termux.nix/files/home/pick-up-nix2/vendor/rust/cargo2nix/submodules/cargo/vendor/icu_collections
   Vendoring icu_locale_core v2.1.1 (/data/data/com.termux.nix/files/home/.cargo/registry/src/index.crates.io-1949cf8c6b5b557f/icu_locale_core-2.1.1) to /data/data/com.termux.nix/files/home/pick-up-nix2/vendor/rust/cargo2nix/submodules/cargo/vendor/icu_locale_core
   Vendoring icu_normalizer v2.1.1 (/data/data/com.termux.nix/files/home/.cargo/registry/src/index.crates.io-1949cf8c6b5b557f/icu_normalizer-2.1.1) to /data/data/com.termux.nix/files/home/pick-up-nix2/vendor/rust/cargo2nix/submodules/cargo/vendor/icu_normalizer
   Vendoring icu_normalizer_data v2.1.1 (/data/data/com.termux.nix/files/home/.cargo/registry/src/index.crates.io-1949cf8c6b5b557f/icu_normalizer_data-2.1.1) to /data/data/com.termux.nix/files/home/pick-up-nix2/vendor/rust/cargo2nix/submodules/cargo/vendor/icu_normalizer_data
   Vendoring icu_properties v2.1.1 (/data/data/com.termux.nix/files/home/.cargo/registry/src/index.crates.io-1949cf8c6b5b557f/icu_properties-2.1.1) to /data/data/com.termux.nix/files/home/pick-up-nix2/vendor/rust/cargo2nix/submodules/cargo/vendor/icu_properties
   Vendoring icu_properties_data v2.1.1 (/data/data/com.termux.nix/files/home/.cargo/registry/src/index.crates.io-1949cf8c6b5b557f/icu_properties_data-2.1.1) to /data/data/com.termux.nix/files/home/pick-up-nix2/vendor/rust/cargo2nix/submodules/cargo/vendor/icu_properties_data
   Vendoring icu_provider v2.1.1 (/data/data/com.termux.nix/files/home/.cargo/registry/src/index.crates.io-1949cf8c6b5b557f/icu_provider-2.1.1) to /data/data/com.termux.nix/files/home/pick-up-nix2/vendor/rust/cargo2nix/submodules/cargo/vendor/icu_provider
   Vendoring ident_case v1.0.1 (/data/data/com.termux.nix/files/home/.cargo/registry/src/index.crates.io-1949cf8c6b5b557f/ident_case-1.0.1) to /data/data/com.termux.nix/files/home/pick-up-nix2/vendor/rust/cargo2nix/submodules/cargo/vendor/ident_case
   Vendoring idna v1.1.0 (/data/data/com.termux.nix/files/home/.cargo/registry/src/index.crates.io-1949cf8c6b5b557f/idna-1.1.0) to /data/data/com.termux.nix/files/home/pick-up-nix2/vendor/rust/cargo2nix/submodules/cargo/vendor/idna
   Vendoring idna_adapter v1.2.1 (/data/data/com.termux.nix/files/home/.cargo/registry/src/index.crates.io-1949cf8c6b5b557f/idna_adapter-1.2.1) to /data/data/com.termux.nix/files/home/pick-up-nix2/vendor/rust/cargo2nix/submodules/cargo/vendor/idna_adapter
   Vendoring ignore v0.4.25 (/data/data/com.termux.nix/files/home/.cargo/registry/src/index.crates.io-1949cf8c6b5b557f/ignore-0.4.25) to /data/data/com.termux.nix/files/home/pick-up-nix2/vendor/rust/cargo2nix/submodules/cargo/vendor/ignore
   Vendoring im-rc v15.1.0 (/data/data/com.termux.nix/files/home/.cargo/registry/src/index.crates.io-1949cf8c6b5b557f/im-rc-15.1.0) to /data/data/com.termux.nix/files/home/pick-up-nix2/vendor/rust/cargo2nix/submodules/cargo/vendor/im-rc
   Vendoring imara-diff v0.1.8 (/data/data/com.termux.nix/files/home/.cargo/registry/src/index.crates.io-1949cf8c6b5b557f/imara-diff-0.1.8) to /data/data/com.termux.nix/files/home/pick-up-nix2/vendor/rust/cargo2nix/submodules/cargo/vendor/imara-diff
   Vendoring indexmap v2.12.0 (/data/data/com.termux.nix/files/home/.cargo/registry/src/index.crates.io-1949cf8c6b5b557f/indexmap-2.12.0) to /data/data/com.termux.nix/files/home/pick-up-nix2/vendor/rust/cargo2nix/submodules/cargo/vendor/indexmap
   Vendoring ipnet v2.11.0 (/data/data/com.termux.nix/files/home/.cargo/registry/src/index.crates.io-1949cf8c6b5b557f/ipnet-2.11.0) to /data/data/com.termux.nix/files/home/pick-up-nix2/vendor/rust/cargo2nix/submodules/cargo/vendor/ipnet
   Vendoring iri-string v0.7.8 (/data/data/com.termux.nix/files/home/.cargo/registry/src/index.crates.io-1949cf8c6b5b557f/iri-string-0.7.8) to /data/data/com.termux.nix/files/home/pick-up-nix2/vendor/rust/cargo2nix/submodules/cargo/vendor/iri-string
   Vendoring is_executable v1.0.5 (/data/data/com.termux.nix/files/home/.cargo/registry/src/index.crates.io-1949cf8c6b5b557f/is_executable-1.0.5) to /data/data/com.termux.nix/files/home/pick-up-nix2/vendor/rust/cargo2nix/submodules/cargo/vendor/is_executable
   Vendoring is_terminal_polyfill v1.70.2 (/data/data/com.termux.nix/files/home/.cargo/registry/src/index.crates.io-1949cf8c6b5b557f/is_terminal_polyfill-1.70.2) to /data/data/com.termux.nix/files/home/pick-up-nix2/vendor/rust/cargo2nix/submodules/cargo/vendor/is_terminal_polyfill
   Vendoring itertools v0.14.0 (/data/data/com.termux.nix/files/home/.cargo/registry/src/index.crates.io-1949cf8c6b5b557f/itertools-0.14.0) to /data/data/com.termux.nix/files/home/pick-up-nix2/vendor/rust/cargo2nix/submodules/cargo/vendor/itertools
   Vendoring itoa v1.0.15 (/data/data/com.termux.nix/files/home/.cargo/registry/src/index.crates.io-1949cf8c6b5b557f/itoa-1.0.15) to /data/data/com.termux.nix/files/home/pick-up-nix2/vendor/rust/cargo2nix/submodules/cargo/vendor/itoa
   Vendoring jiff v0.2.15 (/data/data/com.termux.nix/files/home/.cargo/registry/src/index.crates.io-1949cf8c6b5b557f/jiff-0.2.15) to /data/data/com.termux.nix/files/home/pick-up-nix2/vendor/rust/cargo2nix/submodules/cargo/vendor/jiff
   Vendoring jiff-static v0.2.15 (/data/data/com.termux.nix/files/home/.cargo/registry/src/index.crates.io-1949cf8c6b5b557f/jiff-static-0.2.15) to /data/data/com.termux.nix/files/home/pick-up-nix2/vendor/rust/cargo2nix/submodules/cargo/vendor/jiff-static
   Vendoring jiff-tzdb v0.1.4 (/data/data/com.termux.nix/files/home/.cargo/registry/src/index.crates.io-1949cf8c6b5b557f/jiff-tzdb-0.1.4) to /data/data/com.termux.nix/files/home/pick-up-nix2/vendor/rust/cargo2nix/submodules/cargo/vendor/jiff-tzdb
   Vendoring jiff-tzdb-platform v0.1.3 (/data/data/com.termux.nix/files/home/.cargo/registry/src/index.crates.io-1949cf8c6b5b557f/jiff-tzdb-platform-0.1.3) to /data/data/com.termux.nix/files/home/pick-up-nix2/vendor/rust/cargo2nix/submodules/cargo/vendor/jiff-tzdb-platform
   Vendoring jobserver v0.1.34 (/data/data/com.termux.nix/files/home/.cargo/registry/src/index.crates.io-1949cf8c6b5b557f/jobserver-0.1.34) to /data/data/com.termux.nix/files/home/pick-up-nix2/vendor/rust/cargo2nix/submodules/cargo/vendor/jobserver
   Vendoring js-sys v0.3.82 (/data/data/com.termux.nix/files/home/.cargo/registry/src/index.crates.io-1949cf8c6b5b557f/js-sys-0.3.82) to /data/data/com.termux.nix/files/home/pick-up-nix2/vendor/rust/cargo2nix/submodules/cargo/vendor/js-sys
   Vendoring kstring v2.0.2 (/data/data/com.termux.nix/files/home/.cargo/registry/src/index.crates.io-1949cf8c6b5b557f/kstring-2.0.2) to /data/data/com.termux.nix/files/home/pick-up-nix2/vendor/rust/cargo2nix/submodules/cargo/vendor/kstring
   Vendoring lazy_static v1.5.0 (/data/data/com.termux.nix/files/home/.cargo/registry/src/index.crates.io-1949cf8c6b5b557f/lazy_static-1.5.0) to /data/data/com.termux.nix/files/home/pick-up-nix2/vendor/rust/cargo2nix/submodules/cargo/vendor/lazy_static
   Vendoring leb128 v0.2.5 (/data/data/com.termux.nix/files/home/.cargo/registry/src/index.crates.io-1949cf8c6b5b557f/leb128-0.2.5) to /data/data/com.termux.nix/files/home/pick-up-nix2/vendor/rust/cargo2nix/submodules/cargo/vendor/leb128
   Vendoring libc v0.2.177 (/data/data/com.termux.nix/files/home/.cargo/registry/src/index.crates.io-1949cf8c6b5b557f/libc-0.2.177) to /data/data/com.termux.nix/files/home/pick-up-nix2/vendor/rust/cargo2nix/submodules/cargo/vendor/libc
   Vendoring libgit2-sys v0.18.2+1.9.1 (/data/data/com.termux.nix/files/home/.cargo/registry/src/index.crates.io-1949cf8c6b5b557f/libgit2-sys-0.18.2+1.9.1) to /data/data/com.termux.nix/files/home/pick-up-nix2/vendor/rust/cargo2nix/submodules/cargo/vendor/libgit2-sys
   Vendoring libloading v0.8.9 (/data/data/com.termux.nix/files/home/.cargo/registry/src/index.crates.io-1949cf8c6b5b557f/libloading-0.8.9) to /data/data/com.termux.nix/files/home/pick-up-nix2/vendor/rust/cargo2nix/submodules/cargo/vendor/libloading
   Vendoring libnghttp2-sys v0.1.11+1.64.0 (/data/data/com.termux.nix/files/home/.cargo/registry/src/index.crates.io-1949cf8c6b5b557f/libnghttp2-sys-0.1.11+1.64.0) to /data/data/com.termux.nix/files/home/pick-up-nix2/vendor/rust/cargo2nix/submodules/cargo/vendor/libnghttp2-sys
   Vendoring libredox v0.1.10 (/data/data/com.termux.nix/files/home/.cargo/registry/src/index.crates.io-1949cf8c6b5b557f/libredox-0.1.10) to /data/data/com.termux.nix/files/home/pick-up-nix2/vendor/rust/cargo2nix/submodules/cargo/vendor/libredox
   Vendoring libsqlite3-sys v0.35.0 (/data/data/com.termux.nix/files/home/.cargo/registry/src/index.crates.io-1949cf8c6b5b557f/libsqlite3-sys-0.35.0) to /data/data/com.termux.nix/files/home/pick-up-nix2/vendor/rust/cargo2nix/submodules/cargo/vendor/libsqlite3-sys
   Vendoring libssh2-sys v0.3.1 (/data/data/com.termux.nix/files/home/.cargo/registry/src/index.crates.io-1949cf8c6b5b557f/libssh2-sys-0.3.1) to /data/data/com.termux.nix/files/home/pick-up-nix2/vendor/rust/cargo2nix/submodules/cargo/vendor/libssh2-sys
   Vendoring libz-rs-sys v0.5.2 (/data/data/com.termux.nix/files/home/.cargo/registry/src/index.crates.io-1949cf8c6b5b557f/libz-rs-sys-0.5.2) to /data/data/com.termux.nix/files/home/pick-up-nix2/vendor/rust/cargo2nix/submodules/cargo/vendor/libz-rs-sys
   Vendoring libz-sys v1.1.22 (/data/data/com.termux.nix/files/home/.cargo/registry/src/index.crates.io-1949cf8c6b5b557f/libz-sys-1.1.22) to /data/data/com.termux.nix/files/home/pick-up-nix2/vendor/rust/cargo2nix/submodules/cargo/vendor/libz-sys
   Vendoring linux-raw-sys v0.11.0 (/data/data/com.termux.nix/files/home/.cargo/registry/src/index.crates.io-1949cf8c6b5b557f/linux-raw-sys-0.11.0) to /data/data/com.termux.nix/files/home/pick-up-nix2/vendor/rust/cargo2nix/submodules/cargo/vendor/linux-raw-sys
   Vendoring litemap v0.8.1 (/data/data/com.termux.nix/files/home/.cargo/registry/src/index.crates.io-1949cf8c6b5b557f/litemap-0.8.1) to /data/data/com.termux.nix/files/home/pick-up-nix2/vendor/rust/cargo2nix/submodules/cargo/vendor/litemap
   Vendoring lock_api v0.4.14 (/data/data/com.termux.nix/files/home/.cargo/registry/src/index.crates.io-1949cf8c6b5b557f/lock_api-0.4.14) to /data/data/com.termux.nix/files/home/pick-up-nix2/vendor/rust/cargo2nix/submodules/cargo/vendor/lock_api
   Vendoring log v0.4.28 (/data/data/com.termux.nix/files/home/.cargo/registry/src/index.crates.io-1949cf8c6b5b557f/log-0.4.28) to /data/data/com.termux.nix/files/home/pick-up-nix2/vendor/rust/cargo2nix/submodules/cargo/vendor/log
   Vendoring matchers v0.2.0 (/data/data/com.termux.nix/files/home/.cargo/registry/src/index.crates.io-1949cf8c6b5b557f/matchers-0.2.0) to /data/data/com.termux.nix/files/home/pick-up-nix2/vendor/rust/cargo2nix/submodules/cargo/vendor/matchers
   Vendoring maybe-async v0.2.10 (/data/data/com.termux.nix/files/home/.cargo/registry/src/index.crates.io-1949cf8c6b5b557f/maybe-async-0.2.10) to /data/data/com.termux.nix/files/home/pick-up-nix2/vendor/rust/cargo2nix/submodules/cargo/vendor/maybe-async
   Vendoring memchr v2.7.6 (/data/data/com.termux.nix/files/home/.cargo/registry/src/index.crates.io-1949cf8c6b5b557f/memchr-2.7.6) to /data/data/com.termux.nix/files/home/pick-up-nix2/vendor/rust/cargo2nix/submodules/cargo/vendor/memchr
   Vendoring memmap2 v0.9.9 (/data/data/com.termux.nix/files/home/.cargo/registry/src/index.crates.io-1949cf8c6b5b557f/memmap2-0.9.9) to /data/data/com.termux.nix/files/home/pick-up-nix2/vendor/rust/cargo2nix/submodules/cargo/vendor/memmap2
   Vendoring mime v0.3.17 (/data/data/com.termux.nix/files/home/.cargo/registry/src/index.crates.io-1949cf8c6b5b557f/mime-0.3.17) to /data/data/com.termux.nix/files/home/pick-up-nix2/vendor/rust/cargo2nix/submodules/cargo/vendor/mime
   Vendoring minimal-lexical v0.2.1 (/data/data/com.termux.nix/files/home/.cargo/registry/src/index.crates.io-1949cf8c6b5b557f/minimal-lexical-0.2.1) to /data/data/com.termux.nix/files/home/pick-up-nix2/vendor/rust/cargo2nix/submodules/cargo/vendor/minimal-lexical
   Vendoring miniz_oxide v0.8.9 (/data/data/com.termux.nix/files/home/.cargo/registry/src/index.crates.io-1949cf8c6b5b557f/miniz_oxide-0.8.9) to /data/data/com.termux.nix/files/home/pick-up-nix2/vendor/rust/cargo2nix/submodules/cargo/vendor/miniz_oxide
   Vendoring mio v1.1.0 (/data/data/com.termux.nix/files/home/.cargo/registry/src/index.crates.io-1949cf8c6b5b557f/mio-1.1.0) to /data/data/com.termux.nix/files/home/pick-up-nix2/vendor/rust/cargo2nix/submodules/cargo/vendor/mio
   Vendoring miow v0.6.1 (/data/data/com.termux.nix/files/home/.cargo/registry/src/index.crates.io-1949cf8c6b5b557f/miow-0.6.1) to /data/data/com.termux.nix/files/home/pick-up-nix2/vendor/rust/cargo2nix/submodules/cargo/vendor/miow
   Vendoring nom v7.1.3 (/data/data/com.termux.nix/files/home/.cargo/registry/src/index.crates.io-1949cf8c6b5b557f/nom-7.1.3) to /data/data/com.termux.nix/files/home/pick-up-nix2/vendor/rust/cargo2nix/submodules/cargo/vendor/nom
   Vendoring normalize-line-endings v0.3.0 (/data/data/com.termux.nix/files/home/.cargo/registry/src/index.crates.io-1949cf8c6b5b557f/normalize-line-endings-0.3.0) to /data/data/com.termux.nix/files/home/pick-up-nix2/vendor/rust/cargo2nix/submodules/cargo/vendor/normalize-line-endings
   Vendoring normpath v1.5.0 (/data/data/com.termux.nix/files/home/.cargo/registry/src/index.crates.io-1949cf8c6b5b557f/normpath-1.5.0) to /data/data/com.termux.nix/files/home/pick-up-nix2/vendor/rust/cargo2nix/submodules/cargo/vendor/normpath
   Vendoring nu-ansi-term v0.50.3 (/data/data/com.termux.nix/files/home/.cargo/registry/src/index.crates.io-1949cf8c6b5b557f/nu-ansi-term-0.50.3) to /data/data/com.termux.nix/files/home/pick-up-nix2/vendor/rust/cargo2nix/submodules/cargo/vendor/nu-ansi-term
   Vendoring num-conv v0.1.0 (/data/data/com.termux.nix/files/home/.cargo/registry/src/index.crates.io-1949cf8c6b5b557f/num-conv-0.1.0) to /data/data/com.termux.nix/files/home/pick-up-nix2/vendor/rust/cargo2nix/submodules/cargo/vendor/num-conv
   Vendoring num-modular v0.6.1 (/data/data/com.termux.nix/files/home/.cargo/registry/src/index.crates.io-1949cf8c6b5b557f/num-modular-0.6.1) to /data/data/com.termux.nix/files/home/pick-up-nix2/vendor/rust/cargo2nix/submodules/cargo/vendor/num-modular
   Vendoring num-order v1.2.0 (/data/data/com.termux.nix/files/home/.cargo/registry/src/index.crates.io-1949cf8c6b5b557f/num-order-1.2.0) to /data/data/com.termux.nix/files/home/pick-up-nix2/vendor/rust/cargo2nix/submodules/cargo/vendor/num-order
   Vendoring num-traits v0.2.19 (/data/data/com.termux.nix/files/home/.cargo/registry/src/index.crates.io-1949cf8c6b5b557f/num-traits-0.2.19) to /data/data/com.termux.nix/files/home/pick-up-nix2/vendor/rust/cargo2nix/submodules/cargo/vendor/num-traits
   Vendoring once_cell v1.21.3 (/data/data/com.termux.nix/files/home/.cargo/registry/src/index.crates.io-1949cf8c6b5b557f/once_cell-1.21.3) to /data/data/com.termux.nix/files/home/pick-up-nix2/vendor/rust/cargo2nix/submodules/cargo/vendor/once_cell
   Vendoring once_cell_polyfill v1.70.2 (/data/data/com.termux.nix/files/home/.cargo/registry/src/index.crates.io-1949cf8c6b5b557f/once_cell_polyfill-1.70.2) to /data/data/com.termux.nix/files/home/pick-up-nix2/vendor/rust/cargo2nix/submodules/cargo/vendor/once_cell_polyfill
   Vendoring oorandom v11.1.5 (/data/data/com.termux.nix/files/home/.cargo/registry/src/index.crates.io-1949cf8c6b5b557f/oorandom-11.1.5) to /data/data/com.termux.nix/files/home/pick-up-nix2/vendor/rust/cargo2nix/submodules/cargo/vendor/oorandom
   Vendoring opener v0.8.3 (/data/data/com.termux.nix/files/home/.cargo/registry/src/index.crates.io-1949cf8c6b5b557f/opener-0.8.3) to /data/data/com.termux.nix/files/home/pick-up-nix2/vendor/rust/cargo2nix/submodules/cargo/vendor/opener
   Vendoring openssl v0.10.74 (/data/data/com.termux.nix/files/home/.cargo/registry/src/index.crates.io-1949cf8c6b5b557f/openssl-0.10.74) to /data/data/com.termux.nix/files/home/pick-up-nix2/vendor/rust/cargo2nix/submodules/cargo/vendor/openssl
   Vendoring openssl-macros v0.1.1 (/data/data/com.termux.nix/files/home/.cargo/registry/src/index.crates.io-1949cf8c6b5b557f/openssl-macros-0.1.1) to /data/data/com.termux.nix/files/home/pick-up-nix2/vendor/rust/cargo2nix/submodules/cargo/vendor/openssl-macros
   Vendoring openssl-probe v0.1.6 (/data/data/com.termux.nix/files/home/.cargo/registry/src/index.crates.io-1949cf8c6b5b557f/openssl-probe-0.1.6) to /data/data/com.termux.nix/files/home/pick-up-nix2/vendor/rust/cargo2nix/submodules/cargo/vendor/openssl-probe
   Vendoring openssl-src v300.5.4+3.5.4 (/data/data/com.termux.nix/files/home/.cargo/registry/src/index.crates.io-1949cf8c6b5b557f/openssl-src-300.5.4+3.5.4) to /data/data/com.termux.nix/files/home/pick-up-nix2/vendor/rust/cargo2nix/submodules/cargo/vendor/openssl-src
   Vendoring openssl-sys v0.9.110 (/data/data/com.termux.nix/files/home/.cargo/registry/src/index.crates.io-1949cf8c6b5b557f/openssl-sys-0.9.110) to /data/data/com.termux.nix/files/home/pick-up-nix2/vendor/rust/cargo2nix/submodules/cargo/vendor/openssl-sys
   Vendoring ordered-float v2.10.1 (/data/data/com.termux.nix/files/home/.cargo/registry/src/index.crates.io-1949cf8c6b5b557f/ordered-float-2.10.1) to /data/data/com.termux.nix/files/home/pick-up-nix2/vendor/rust/cargo2nix/submodules/cargo/vendor/ordered-float
   Vendoring orion v0.17.11 (/data/data/com.termux.nix/files/home/.cargo/registry/src/index.crates.io-1949cf8c6b5b557f/orion-0.17.11) to /data/data/com.termux.nix/files/home/pick-up-nix2/vendor/rust/cargo2nix/submodules/cargo/vendor/orion
   Vendoring os_info v3.12.0 (/data/data/com.termux.nix/files/home/.cargo/registry/src/index.crates.io-1949cf8c6b5b557f/os_info-3.12.0) to /data/data/com.termux.nix/files/home/pick-up-nix2/vendor/rust/cargo2nix/submodules/cargo/vendor/os_info
   Vendoring p384 v0.13.1 (/data/data/com.termux.nix/files/home/.cargo/registry/src/index.crates.io-1949cf8c6b5b557f/p384-0.13.1) to /data/data/com.termux.nix/files/home/pick-up-nix2/vendor/rust/cargo2nix/submodules/cargo/vendor/p384
   Vendoring parking_lot v0.12.5 (/data/data/com.termux.nix/files/home/.cargo/registry/src/index.crates.io-1949cf8c6b5b557f/parking_lot-0.12.5) to /data/data/com.termux.nix/files/home/pick-up-nix2/vendor/rust/cargo2nix/submodules/cargo/vendor/parking_lot
   Vendoring parking_lot_core v0.9.12 (/data/data/com.termux.nix/files/home/.cargo/registry/src/index.crates.io-1949cf8c6b5b557f/parking_lot_core-0.9.12) to /data/data/com.termux.nix/files/home/pick-up-nix2/vendor/rust/cargo2nix/submodules/cargo/vendor/parking_lot_core
   Vendoring partial_ref v0.3.3 (/data/data/com.termux.nix/files/home/.cargo/registry/src/index.crates.io-1949cf8c6b5b557f/partial_ref-0.3.3) to /data/data/com.termux.nix/files/home/pick-up-nix2/vendor/rust/cargo2nix/submodules/cargo/vendor/partial_ref
   Vendoring partial_ref_derive v0.3.3 (/data/data/com.termux.nix/files/home/.cargo/registry/src/index.crates.io-1949cf8c6b5b557f/partial_ref_derive-0.3.3) to /data/data/com.termux.nix/files/home/pick-up-nix2/vendor/rust/cargo2nix/submodules/cargo/vendor/partial_ref_derive
   Vendoring pasetors v0.7.7 (/data/data/com.termux.nix/files/home/.cargo/registry/src/index.crates.io-1949cf8c6b5b557f/pasetors-0.7.7) to /data/data/com.termux.nix/files/home/pick-up-nix2/vendor/rust/cargo2nix/submodules/cargo/vendor/pasetors
   Vendoring pathdiff v0.2.3 (/data/data/com.termux.nix/files/home/.cargo/registry/src/index.crates.io-1949cf8c6b5b557f/pathdiff-0.2.3) to /data/data/com.termux.nix/files/home/pick-up-nix2/vendor/rust/cargo2nix/submodules/cargo/vendor/pathdiff
   Vendoring pem-rfc7468 v0.7.0 (/data/data/com.termux.nix/files/home/.cargo/registry/src/index.crates.io-1949cf8c6b5b557f/pem-rfc7468-0.7.0) to /data/data/com.termux.nix/files/home/pick-up-nix2/vendor/rust/cargo2nix/submodules/cargo/vendor/pem-rfc7468
   Vendoring percent-encoding v2.3.2 (/data/data/com.termux.nix/files/home/.cargo/registry/src/index.crates.io-1949cf8c6b5b557f/percent-encoding-2.3.2) to /data/data/com.termux.nix/files/home/pick-up-nix2/vendor/rust/cargo2nix/submodules/cargo/vendor/percent-encoding
   Vendoring pest v2.8.3 (/data/data/com.termux.nix/files/home/.cargo/registry/src/index.crates.io-1949cf8c6b5b557f/pest-2.8.3) to /data/data/com.termux.nix/files/home/pick-up-nix2/vendor/rust/cargo2nix/submodules/cargo/vendor/pest
   Vendoring pest_derive v2.8.3 (/data/data/com.termux.nix/files/home/.cargo/registry/src/index.crates.io-1949cf8c6b5b557f/pest_derive-2.8.3) to /data/data/com.termux.nix/files/home/pick-up-nix2/vendor/rust/cargo2nix/submodules/cargo/vendor/pest_derive
   Vendoring pest_generator v2.8.3 (/data/data/com.termux.nix/files/home/.cargo/registry/src/index.crates.io-1949cf8c6b5b557f/pest_generator-2.8.3) to /data/data/com.termux.nix/files/home/pick-up-nix2/vendor/rust/cargo2nix/submodules/cargo/vendor/pest_generator
   Vendoring pest_meta v2.8.3 (/data/data/com.termux.nix/files/home/.cargo/registry/src/index.crates.io-1949cf8c6b5b557f/pest_meta-2.8.3) to /data/data/com.termux.nix/files/home/pick-up-nix2/vendor/rust/cargo2nix/submodules/cargo/vendor/pest_meta
   Vendoring pin-project-lite v0.2.16 (/data/data/com.termux.nix/files/home/.cargo/registry/src/index.crates.io-1949cf8c6b5b557f/pin-project-lite-0.2.16) to /data/data/com.termux.nix/files/home/pick-up-nix2/vendor/rust/cargo2nix/submodules/cargo/vendor/pin-project-lite
   Vendoring pin-utils v0.1.0 (/data/data/com.termux.nix/files/home/.cargo/registry/src/index.crates.io-1949cf8c6b5b557f/pin-utils-0.1.0) to /data/data/com.termux.nix/files/home/pick-up-nix2/vendor/rust/cargo2nix/submodules/cargo/vendor/pin-utils
   Vendoring pkcs8 v0.10.2 (/data/data/com.termux.nix/files/home/.cargo/registry/src/index.crates.io-1949cf8c6b5b557f/pkcs8-0.10.2) to /data/data/com.termux.nix/files/home/pick-up-nix2/vendor/rust/cargo2nix/submodules/cargo/vendor/pkcs8
   Vendoring pkg-config v0.3.32 (/data/data/com.termux.nix/files/home/.cargo/registry/src/index.crates.io-1949cf8c6b5b557f/pkg-config-0.3.32) to /data/data/com.termux.nix/files/home/pick-up-nix2/vendor/rust/cargo2nix/submodules/cargo/vendor/pkg-config
   Vendoring plist v1.8.0 (/data/data/com.termux.nix/files/home/.cargo/registry/src/index.crates.io-1949cf8c6b5b557f/plist-1.8.0) to /data/data/com.termux.nix/files/home/pick-up-nix2/vendor/rust/cargo2nix/submodules/cargo/vendor/plist
   Vendoring plotters v0.3.7 (/data/data/com.termux.nix/files/home/.cargo/registry/src/index.crates.io-1949cf8c6b5b557f/plotters-0.3.7) to /data/data/com.termux.nix/files/home/pick-up-nix2/vendor/rust/cargo2nix/submodules/cargo/vendor/plotters
   Vendoring plotters-backend v0.3.7 (/data/data/com.termux.nix/files/home/.cargo/registry/src/index.crates.io-1949cf8c6b5b557f/plotters-backend-0.3.7) to /data/data/com.termux.nix/files/home/pick-up-nix2/vendor/rust/cargo2nix/submodules/cargo/vendor/plotters-backend
   Vendoring plotters-svg v0.3.7 (/data/data/com.termux.nix/files/home/.cargo/registry/src/index.crates.io-1949cf8c6b5b557f/plotters-svg-0.3.7) to /data/data/com.termux.nix/files/home/pick-up-nix2/vendor/rust/cargo2nix/submodules/cargo/vendor/plotters-svg
   Vendoring portable-atomic v1.11.1 (/data/data/com.termux.nix/files/home/.cargo/registry/src/index.crates.io-1949cf8c6b5b557f/portable-atomic-1.11.1) to /data/data/com.termux.nix/files/home/pick-up-nix2/vendor/rust/cargo2nix/submodules/cargo/vendor/portable-atomic
   Vendoring portable-atomic-util v0.2.4 (/data/data/com.termux.nix/files/home/.cargo/registry/src/index.crates.io-1949cf8c6b5b557f/portable-atomic-util-0.2.4) to /data/data/com.termux.nix/files/home/pick-up-nix2/vendor/rust/cargo2nix/submodules/cargo/vendor/portable-atomic-util
   Vendoring potential_utf v0.1.4 (/data/data/com.termux.nix/files/home/.cargo/registry/src/index.crates.io-1949cf8c6b5b557f/potential_utf-0.1.4) to /data/data/com.termux.nix/files/home/pick-up-nix2/vendor/rust/cargo2nix/submodules/cargo/vendor/potential_utf
   Vendoring powerfmt v0.2.0 (/data/data/com.termux.nix/files/home/.cargo/registry/src/index.crates.io-1949cf8c6b5b557f/powerfmt-0.2.0) to /data/data/com.termux.nix/files/home/pick-up-nix2/vendor/rust/cargo2nix/submodules/cargo/vendor/powerfmt
   Vendoring ppv-lite86 v0.2.21 (/data/data/com.termux.nix/files/home/.cargo/registry/src/index.crates.io-1949cf8c6b5b557f/ppv-lite86-0.2.21) to /data/data/com.termux.nix/files/home/pick-up-nix2/vendor/rust/cargo2nix/submodules/cargo/vendor/ppv-lite86
   Vendoring primeorder v0.13.6 (/data/data/com.termux.nix/files/home/.cargo/registry/src/index.crates.io-1949cf8c6b5b557f/primeorder-0.13.6) to /data/data/com.termux.nix/files/home/pick-up-nix2/vendor/rust/cargo2nix/submodules/cargo/vendor/primeorder
   Vendoring proc-macro2 v1.0.103 (/data/data/com.termux.nix/files/home/.cargo/registry/src/index.crates.io-1949cf8c6b5b557f/proc-macro2-1.0.103) to /data/data/com.termux.nix/files/home/pick-up-nix2/vendor/rust/cargo2nix/submodules/cargo/vendor/proc-macro2
   Vendoring prodash v30.0.1 (/data/data/com.termux.nix/files/home/.cargo/registry/src/index.crates.io-1949cf8c6b5b557f/prodash-30.0.1) to /data/data/com.termux.nix/files/home/pick-up-nix2/vendor/rust/cargo2nix/submodules/cargo/vendor/prodash
   Vendoring proptest v1.9.0 (/data/data/com.termux.nix/files/home/.cargo/registry/src/index.crates.io-1949cf8c6b5b557f/proptest-1.9.0) to /data/data/com.termux.nix/files/home/pick-up-nix2/vendor/rust/cargo2nix/submodules/cargo/vendor/proptest
   Vendoring pulldown-cmark v0.13.0 (/data/data/com.termux.nix/files/home/.cargo/registry/src/index.crates.io-1949cf8c6b5b557f/pulldown-cmark-0.13.0) to /data/data/com.termux.nix/files/home/pick-up-nix2/vendor/rust/cargo2nix/submodules/cargo/vendor/pulldown-cmark
   Vendoring pulldown-cmark-escape v0.11.0 (/data/data/com.termux.nix/files/home/.cargo/registry/src/index.crates.io-1949cf8c6b5b557f/pulldown-cmark-escape-0.11.0) to /data/data/com.termux.nix/files/home/pick-up-nix2/vendor/rust/cargo2nix/submodules/cargo/vendor/pulldown-cmark-escape
   Vendoring quick-error v1.2.3 (/data/data/com.termux.nix/files/home/.cargo/registry/src/index.crates.io-1949cf8c6b5b557f/quick-error-1.2.3) to /data/data/com.termux.nix/files/home/pick-up-nix2/vendor/rust/cargo2nix/submodules/cargo/vendor/quick-error
   Vendoring quick-xml v0.38.3 (/data/data/com.termux.nix/files/home/.cargo/registry/src/index.crates.io-1949cf8c6b5b557f/quick-xml-0.38.3) to /data/data/com.termux.nix/files/home/pick-up-nix2/vendor/rust/cargo2nix/submodules/cargo/vendor/quick-xml
   Vendoring quote v1.0.41 (/data/data/com.termux.nix/files/home/.cargo/registry/src/index.crates.io-1949cf8c6b5b557f/quote-1.0.41) to /data/data/com.termux.nix/files/home/pick-up-nix2/vendor/rust/cargo2nix/submodules/cargo/vendor/quote
   Vendoring r-efi v5.3.0 (/data/data/com.termux.nix/files/home/.cargo/registry/src/index.crates.io-1949cf8c6b5b557f/r-efi-5.3.0) to /data/data/com.termux.nix/files/home/pick-up-nix2/vendor/rust/cargo2nix/submodules/cargo/vendor/r-efi
   Vendoring rand v0.9.2 (/data/data/com.termux.nix/files/home/.cargo/registry/src/index.crates.io-1949cf8c6b5b557f/rand-0.9.2) to /data/data/com.termux.nix/files/home/pick-up-nix2/vendor/rust/cargo2nix/submodules/cargo/vendor/rand
   Vendoring rand_chacha v0.9.0 (/data/data/com.termux.nix/files/home/.cargo/registry/src/index.crates.io-1949cf8c6b5b557f/rand_chacha-0.9.0) to /data/data/com.termux.nix/files/home/pick-up-nix2/vendor/rust/cargo2nix/submodules/cargo/vendor/rand_chacha
   Vendoring rand_core v0.9.3 (/data/data/com.termux.nix/files/home/.cargo/registry/src/index.crates.io-1949cf8c6b5b557f/rand_core-0.9.3) to /data/data/com.termux.nix/files/home/pick-up-nix2/vendor/rust/cargo2nix/submodules/cargo/vendor/rand_core
   Vendoring rand_xorshift v0.4.0 (/data/data/com.termux.nix/files/home/.cargo/registry/src/index.crates.io-1949cf8c6b5b557f/rand_xorshift-0.4.0) to /data/data/com.termux.nix/files/home/pick-up-nix2/vendor/rust/cargo2nix/submodules/cargo/vendor/rand_xorshift
   Vendoring rand_xoshiro v0.6.0 (/data/data/com.termux.nix/files/home/.cargo/registry/src/index.crates.io-1949cf8c6b5b557f/rand_xoshiro-0.6.0) to /data/data/com.termux.nix/files/home/pick-up-nix2/vendor/rust/cargo2nix/submodules/cargo/vendor/rand_xoshiro
   Vendoring rayon v1.11.0 (/data/data/com.termux.nix/files/home/.cargo/registry/src/index.crates.io-1949cf8c6b5b557f/rayon-1.11.0) to /data/data/com.termux.nix/files/home/pick-up-nix2/vendor/rust/cargo2nix/submodules/cargo/vendor/rayon
   Vendoring rayon-core v1.13.0 (/data/data/com.termux.nix/files/home/.cargo/registry/src/index.crates.io-1949cf8c6b5b557f/rayon-core-1.13.0) to /data/data/com.termux.nix/files/home/pick-up-nix2/vendor/rust/cargo2nix/submodules/cargo/vendor/rayon-core
   Vendoring redox_syscall v0.5.18 (/data/data/com.termux.nix/files/home/.cargo/registry/src/index.crates.io-1949cf8c6b5b557f/redox_syscall-0.5.18) to /data/data/com.termux.nix/files/home/pick-up-nix2/vendor/rust/cargo2nix/submodules/cargo/vendor/redox_syscall
   Vendoring ref-cast v1.0.25 (/data/data/com.termux.nix/files/home/.cargo/registry/src/index.crates.io-1949cf8c6b5b557f/ref-cast-1.0.25) to /data/data/com.termux.nix/files/home/pick-up-nix2/vendor/rust/cargo2nix/submodules/cargo/vendor/ref-cast
   Vendoring ref-cast-impl v1.0.25 (/data/data/com.termux.nix/files/home/.cargo/registry/src/index.crates.io-1949cf8c6b5b557f/ref-cast-impl-1.0.25) to /data/data/com.termux.nix/files/home/pick-up-nix2/vendor/rust/cargo2nix/submodules/cargo/vendor/ref-cast-impl
   Vendoring regex v1.12.2 (/data/data/com.termux.nix/files/home/.cargo/registry/src/index.crates.io-1949cf8c6b5b557f/regex-1.12.2) to /data/data/com.termux.nix/files/home/pick-up-nix2/vendor/rust/cargo2nix/submodules/cargo/vendor/regex
   Vendoring regex-automata v0.4.13 (/data/data/com.termux.nix/files/home/.cargo/registry/src/index.crates.io-1949cf8c6b5b557f/regex-automata-0.4.13) to /data/data/com.termux.nix/files/home/pick-up-nix2/vendor/rust/cargo2nix/submodules/cargo/vendor/regex-automata
   Vendoring regex-syntax v0.8.8 (/data/data/com.termux.nix/files/home/.cargo/registry/src/index.crates.io-1949cf8c6b5b557f/regex-syntax-0.8.8) to /data/data/com.termux.nix/files/home/pick-up-nix2/vendor/rust/cargo2nix/submodules/cargo/vendor/regex-syntax
   Vendoring reqwest v0.12.24 (/data/data/com.termux.nix/files/home/.cargo/registry/src/index.crates.io-1949cf8c6b5b557f/reqwest-0.12.24) to /data/data/com.termux.nix/files/home/pick-up-nix2/vendor/rust/cargo2nix/submodules/cargo/vendor/reqwest
   Vendoring rfc6979 v0.4.0 (/data/data/com.termux.nix/files/home/.cargo/registry/src/index.crates.io-1949cf8c6b5b557f/rfc6979-0.4.0) to /data/data/com.termux.nix/files/home/pick-up-nix2/vendor/rust/cargo2nix/submodules/cargo/vendor/rfc6979
   Vendoring ring v0.17.14 (/data/data/com.termux.nix/files/home/.cargo/registry/src/index.crates.io-1949cf8c6b5b557f/ring-0.17.14) to /data/data/com.termux.nix/files/home/pick-up-nix2/vendor/rust/cargo2nix/submodules/cargo/vendor/ring
   Vendoring rusqlite v0.37.0 (/data/data/com.termux.nix/files/home/.cargo/registry/src/index.crates.io-1949cf8c6b5b557f/rusqlite-0.37.0) to /data/data/com.termux.nix/files/home/pick-up-nix2/vendor/rust/cargo2nix/submodules/cargo/vendor/rusqlite
   Vendoring rustc-hash v2.1.1 (/data/data/com.termux.nix/files/home/.cargo/registry/src/index.crates.io-1949cf8c6b5b557f/rustc-hash-2.1.1) to /data/data/com.termux.nix/files/home/pick-up-nix2/vendor/rust/cargo2nix/submodules/cargo/vendor/rustc-hash
   Vendoring rustc-stable-hash v0.1.2 (/data/data/com.termux.nix/files/home/.cargo/registry/src/index.crates.io-1949cf8c6b5b557f/rustc-stable-hash-0.1.2) to /data/data/com.termux.nix/files/home/pick-up-nix2/vendor/rust/cargo2nix/submodules/cargo/vendor/rustc-stable-hash
   Vendoring rustix v1.1.2 (/data/data/com.termux.nix/files/home/.cargo/registry/src/index.crates.io-1949cf8c6b5b557f/rustix-1.1.2) to /data/data/com.termux.nix/files/home/pick-up-nix2/vendor/rust/cargo2nix/submodules/cargo/vendor/rustix
   Vendoring rustls v0.23.34 (/data/data/com.termux.nix/files/home/.cargo/registry/src/index.crates.io-1949cf8c6b5b557f/rustls-0.23.34) to /data/data/com.termux.nix/files/home/pick-up-nix2/vendor/rust/cargo2nix/submodules/cargo/vendor/rustls
   Vendoring rustls-pki-types v1.13.0 (/data/data/com.termux.nix/files/home/.cargo/registry/src/index.crates.io-1949cf8c6b5b557f/rustls-pki-types-1.13.0) to /data/data/com.termux.nix/files/home/pick-up-nix2/vendor/rust/cargo2nix/submodules/cargo/vendor/rustls-pki-types
   Vendoring rustls-webpki v0.103.8 (/data/data/com.termux.nix/files/home/.cargo/registry/src/index.crates.io-1949cf8c6b5b557f/rustls-webpki-0.103.8) to /data/data/com.termux.nix/files/home/pick-up-nix2/vendor/rust/cargo2nix/submodules/cargo/vendor/rustls-webpki
   Vendoring rustversion v1.0.22 (/data/data/com.termux.nix/files/home/.cargo/registry/src/index.crates.io-1949cf8c6b5b557f/rustversion-1.0.22) to /data/data/com.termux.nix/files/home/pick-up-nix2/vendor/rust/cargo2nix/submodules/cargo/vendor/rustversion
   Vendoring rusty-fork v0.3.1 (/data/data/com.termux.nix/files/home/.cargo/registry/src/index.crates.io-1949cf8c6b5b557f/rusty-fork-0.3.1) to /data/data/com.termux.nix/files/home/pick-up-nix2/vendor/rust/cargo2nix/submodules/cargo/vendor/rusty-fork
   Vendoring ryu v1.0.20 (/data/data/com.termux.nix/files/home/.cargo/registry/src/index.crates.io-1949cf8c6b5b557f/ryu-1.0.20) to /data/data/com.termux.nix/files/home/pick-up-nix2/vendor/rust/cargo2nix/submodules/cargo/vendor/ryu
   Vendoring same-file v1.0.6 (/data/data/com.termux.nix/files/home/.cargo/registry/src/index.crates.io-1949cf8c6b5b557f/same-file-1.0.6) to /data/data/com.termux.nix/files/home/pick-up-nix2/vendor/rust/cargo2nix/submodules/cargo/vendor/same-file
   Vendoring schannel v0.1.28 (/data/data/com.termux.nix/files/home/.cargo/registry/src/index.crates.io-1949cf8c6b5b557f/schannel-0.1.28) to /data/data/com.termux.nix/files/home/pick-up-nix2/vendor/rust/cargo2nix/submodules/cargo/vendor/schannel
   Vendoring schemars v1.0.5 (/data/data/com.termux.nix/files/home/.cargo/registry/src/index.crates.io-1949cf8c6b5b557f/schemars-1.0.5) to /data/data/com.termux.nix/files/home/pick-up-nix2/vendor/rust/cargo2nix/submodules/cargo/vendor/schemars
   Vendoring schemars_derive v1.0.5 (/data/data/com.termux.nix/files/home/.cargo/registry/src/index.crates.io-1949cf8c6b5b557f/schemars_derive-1.0.5) to /data/data/com.termux.nix/files/home/pick-up-nix2/vendor/rust/cargo2nix/submodules/cargo/vendor/schemars_derive
   Vendoring scopeguard v1.2.0 (/data/data/com.termux.nix/files/home/.cargo/registry/src/index.crates.io-1949cf8c6b5b557f/scopeguard-1.2.0) to /data/data/com.termux.nix/files/home/pick-up-nix2/vendor/rust/cargo2nix/submodules/cargo/vendor/scopeguard
   Vendoring sec1 v0.7.3 (/data/data/com.termux.nix/files/home/.cargo/registry/src/index.crates.io-1949cf8c6b5b557f/sec1-0.7.3) to /data/data/com.termux.nix/files/home/pick-up-nix2/vendor/rust/cargo2nix/submodules/cargo/vendor/sec1
   Vendoring security-framework v3.5.1 (/data/data/com.termux.nix/files/home/.cargo/registry/src/index.crates.io-1949cf8c6b5b557f/security-framework-3.5.1) to /data/data/com.termux.nix/files/home/pick-up-nix2/vendor/rust/cargo2nix/submodules/cargo/vendor/security-framework
   Vendoring security-framework-sys v2.15.0 (/data/data/com.termux.nix/files/home/.cargo/registry/src/index.crates.io-1949cf8c6b5b557f/security-framework-sys-2.15.0) to /data/data/com.termux.nix/files/home/pick-up-nix2/vendor/rust/cargo2nix/submodules/cargo/vendor/security-framework-sys
   Vendoring semver v1.0.27 (/data/data/com.termux.nix/files/home/.cargo/registry/src/index.crates.io-1949cf8c6b5b557f/semver-1.0.27) to /data/data/com.termux.nix/files/home/pick-up-nix2/vendor/rust/cargo2nix/submodules/cargo/vendor/semver
   Vendoring serde v1.0.228 (/data/data/com.termux.nix/files/home/.cargo/registry/src/index.crates.io-1949cf8c6b5b557f/serde-1.0.228) to /data/data/com.termux.nix/files/home/pick-up-nix2/vendor/rust/cargo2nix/submodules/cargo/vendor/serde
   Vendoring serde-untagged v0.1.9 (/data/data/com.termux.nix/files/home/.cargo/registry/src/index.crates.io-1949cf8c6b5b557f/serde-untagged-0.1.9) to /data/data/com.termux.nix/files/home/pick-up-nix2/vendor/rust/cargo2nix/submodules/cargo/vendor/serde-untagged
   Vendoring serde-value v0.7.0 (/data/data/com.termux.nix/files/home/.cargo/registry/src/index.crates.io-1949cf8c6b5b557f/serde-value-0.7.0) to /data/data/com.termux.nix/files/home/pick-up-nix2/vendor/rust/cargo2nix/submodules/cargo/vendor/serde-value
   Vendoring serde_core v1.0.228 (/data/data/com.termux.nix/files/home/.cargo/registry/src/index.crates.io-1949cf8c6b5b557f/serde_core-1.0.228) to /data/data/com.termux.nix/files/home/pick-up-nix2/vendor/rust/cargo2nix/submodules/cargo/vendor/serde_core
   Vendoring serde_derive v1.0.228 (/data/data/com.termux.nix/files/home/.cargo/registry/src/index.crates.io-1949cf8c6b5b557f/serde_derive-1.0.228) to /data/data/com.termux.nix/files/home/pick-up-nix2/vendor/rust/cargo2nix/submodules/cargo/vendor/serde_derive
   Vendoring serde_derive_internals v0.29.1 (/data/data/com.termux.nix/files/home/.cargo/registry/src/index.crates.io-1949cf8c6b5b557f/serde_derive_internals-0.29.1) to /data/data/com.termux.nix/files/home/pick-up-nix2/vendor/rust/cargo2nix/submodules/cargo/vendor/serde_derive_internals
   Vendoring serde_ignored v0.1.14 (/data/data/com.termux.nix/files/home/.cargo/registry/src/index.crates.io-1949cf8c6b5b557f/serde_ignored-0.1.14) to /data/data/com.termux.nix/files/home/pick-up-nix2/vendor/rust/cargo2nix/submodules/cargo/vendor/serde_ignored
   Vendoring serde_json v1.0.145 (/data/data/com.termux.nix/files/home/.cargo/registry/src/index.crates.io-1949cf8c6b5b557f/serde_json-1.0.145) to /data/data/com.termux.nix/files/home/pick-up-nix2/vendor/rust/cargo2nix/submodules/cargo/vendor/serde_json
   Vendoring serde_spanned v1.0.3 (/data/data/com.termux.nix/files/home/.cargo/registry/src/index.crates.io-1949cf8c6b5b557f/serde_spanned-1.0.3) to /data/data/com.termux.nix/files/home/pick-up-nix2/vendor/rust/cargo2nix/submodules/cargo/vendor/serde_spanned
   Vendoring serde_urlencoded v0.7.1 (/data/data/com.termux.nix/files/home/.cargo/registry/src/index.crates.io-1949cf8c6b5b557f/serde_urlencoded-0.7.1) to /data/data/com.termux.nix/files/home/pick-up-nix2/vendor/rust/cargo2nix/submodules/cargo/vendor/serde_urlencoded
   Vendoring sha1 v0.10.6 (/data/data/com.termux.nix/files/home/.cargo/registry/src/index.crates.io-1949cf8c6b5b557f/sha1-0.10.6) to /data/data/com.termux.nix/files/home/pick-up-nix2/vendor/rust/cargo2nix/submodules/cargo/vendor/sha1
   Vendoring sha1-checked v0.10.0 (/data/data/com.termux.nix/files/home/.cargo/registry/src/index.crates.io-1949cf8c6b5b557f/sha1-checked-0.10.0) to /data/data/com.termux.nix/files/home/pick-up-nix2/vendor/rust/cargo2nix/submodules/cargo/vendor/sha1-checked
   Vendoring sha2 v0.10.9 (/data/data/com.termux.nix/files/home/.cargo/registry/src/index.crates.io-1949cf8c6b5b557f/sha2-0.10.9) to /data/data/com.termux.nix/files/home/pick-up-nix2/vendor/rust/cargo2nix/submodules/cargo/vendor/sha2
   Vendoring sharded-slab v0.1.7 (/data/data/com.termux.nix/files/home/.cargo/registry/src/index.crates.io-1949cf8c6b5b557f/sharded-slab-0.1.7) to /data/data/com.termux.nix/files/home/pick-up-nix2/vendor/rust/cargo2nix/submodules/cargo/vendor/sharded-slab
   Vendoring shell-escape v0.1.5 (/data/data/com.termux.nix/files/home/.cargo/registry/src/index.crates.io-1949cf8c6b5b557f/shell-escape-0.1.5) to /data/data/com.termux.nix/files/home/pick-up-nix2/vendor/rust/cargo2nix/submodules/cargo/vendor/shell-escape
   Vendoring shell-words v1.1.0 (/data/data/com.termux.nix/files/home/.cargo/registry/src/index.crates.io-1949cf8c6b5b557f/shell-words-1.1.0) to /data/data/com.termux.nix/files/home/pick-up-nix2/vendor/rust/cargo2nix/submodules/cargo/vendor/shell-words
   Vendoring shlex v1.3.0 (/data/data/com.termux.nix/files/home/.cargo/registry/src/index.crates.io-1949cf8c6b5b557f/shlex-1.3.0) to /data/data/com.termux.nix/files/home/pick-up-nix2/vendor/rust/cargo2nix/submodules/cargo/vendor/shlex
   Vendoring signature v2.2.0 (/data/data/com.termux.nix/files/home/.cargo/registry/src/index.crates.io-1949cf8c6b5b557f/signature-2.2.0) to /data/data/com.termux.nix/files/home/pick-up-nix2/vendor/rust/cargo2nix/submodules/cargo/vendor/signature
   Vendoring simd-adler32 v0.3.7 (/data/data/com.termux.nix/files/home/.cargo/registry/src/index.crates.io-1949cf8c6b5b557f/simd-adler32-0.3.7) to /data/data/com.termux.nix/files/home/pick-up-nix2/vendor/rust/cargo2nix/submodules/cargo/vendor/simd-adler32
   Vendoring similar v2.7.0 (/data/data/com.termux.nix/files/home/.cargo/registry/src/index.crates.io-1949cf8c6b5b557f/similar-2.7.0) to /data/data/com.termux.nix/files/home/pick-up-nix2/vendor/rust/cargo2nix/submodules/cargo/vendor/similar
   Vendoring sized-chunks v0.6.5 (/data/data/com.termux.nix/files/home/.cargo/registry/src/index.crates.io-1949cf8c6b5b557f/sized-chunks-0.6.5) to /data/data/com.termux.nix/files/home/pick-up-nix2/vendor/rust/cargo2nix/submodules/cargo/vendor/sized-chunks
   Vendoring slab v0.4.11 (/data/data/com.termux.nix/files/home/.cargo/registry/src/index.crates.io-1949cf8c6b5b557f/slab-0.4.11) to /data/data/com.termux.nix/files/home/pick-up-nix2/vendor/rust/cargo2nix/submodules/cargo/vendor/slab
   Vendoring smallvec v1.15.1 (/data/data/com.termux.nix/files/home/.cargo/registry/src/index.crates.io-1949cf8c6b5b557f/smallvec-1.15.1) to /data/data/com.termux.nix/files/home/pick-up-nix2/vendor/rust/cargo2nix/submodules/cargo/vendor/smallvec
   Vendoring snapbox v0.6.23 (/data/data/com.termux.nix/files/home/.cargo/registry/src/index.crates.io-1949cf8c6b5b557f/snapbox-0.6.23) to /data/data/com.termux.nix/files/home/pick-up-nix2/vendor/rust/cargo2nix/submodules/cargo/vendor/snapbox
   Vendoring snapbox-macros v0.4.0 (/data/data/com.termux.nix/files/home/.cargo/registry/src/index.crates.io-1949cf8c6b5b557f/snapbox-macros-0.4.0) to /data/data/com.termux.nix/files/home/pick-up-nix2/vendor/rust/cargo2nix/submodules/cargo/vendor/snapbox-macros
   Vendoring socket2 v0.6.1 (/data/data/com.termux.nix/files/home/.cargo/registry/src/index.crates.io-1949cf8c6b5b557f/socket2-0.6.1) to /data/data/com.termux.nix/files/home/pick-up-nix2/vendor/rust/cargo2nix/submodules/cargo/vendor/socket2
   Vendoring spki v0.7.3 (/data/data/com.termux.nix/files/home/.cargo/registry/src/index.crates.io-1949cf8c6b5b557f/spki-0.7.3) to /data/data/com.termux.nix/files/home/pick-up-nix2/vendor/rust/cargo2nix/submodules/cargo/vendor/spki
   Vendoring stable_deref_trait v1.2.1 (/data/data/com.termux.nix/files/home/.cargo/registry/src/index.crates.io-1949cf8c6b5b557f/stable_deref_trait-1.2.1) to /data/data/com.termux.nix/files/home/pick-up-nix2/vendor/rust/cargo2nix/submodules/cargo/vendor/stable_deref_trait
   Vendoring static_assertions v1.1.0 (/data/data/com.termux.nix/files/home/.cargo/registry/src/index.crates.io-1949cf8c6b5b557f/static_assertions-1.1.0) to /data/data/com.termux.nix/files/home/pick-up-nix2/vendor/rust/cargo2nix/submodules/cargo/vendor/static_assertions
   Vendoring strsim v0.11.1 (/data/data/com.termux.nix/files/home/.cargo/registry/src/index.crates.io-1949cf8c6b5b557f/strsim-0.11.1) to /data/data/com.termux.nix/files/home/pick-up-nix2/vendor/rust/cargo2nix/submodules/cargo/vendor/strsim
   Vendoring subtle v2.6.1 (/data/data/com.termux.nix/files/home/.cargo/registry/src/index.crates.io-1949cf8c6b5b557f/subtle-2.6.1) to /data/data/com.termux.nix/files/home/pick-up-nix2/vendor/rust/cargo2nix/submodules/cargo/vendor/subtle
   Vendoring supports-hyperlinks v3.1.0 (/data/data/com.termux.nix/files/home/.cargo/registry/src/index.crates.io-1949cf8c6b5b557f/supports-hyperlinks-3.1.0) to /data/data/com.termux.nix/files/home/pick-up-nix2/vendor/rust/cargo2nix/submodules/cargo/vendor/supports-hyperlinks
   Vendoring supports-unicode v3.0.0 (/data/data/com.termux.nix/files/home/.cargo/registry/src/index.crates.io-1949cf8c6b5b557f/supports-unicode-3.0.0) to /data/data/com.termux.nix/files/home/pick-up-nix2/vendor/rust/cargo2nix/submodules/cargo/vendor/supports-unicode
   Vendoring syn v2.0.108 (/data/data/com.termux.nix/files/home/.cargo/registry/src/index.crates.io-1949cf8c6b5b557f/syn-2.0.108) to /data/data/com.termux.nix/files/home/pick-up-nix2/vendor/rust/cargo2nix/submodules/cargo/vendor/syn
   Vendoring sync_wrapper v1.0.2 (/data/data/com.termux.nix/files/home/.cargo/registry/src/index.crates.io-1949cf8c6b5b557f/sync_wrapper-1.0.2) to /data/data/com.termux.nix/files/home/pick-up-nix2/vendor/rust/cargo2nix/submodules/cargo/vendor/sync_wrapper
   Vendoring synstructure v0.13.2 (/data/data/com.termux.nix/files/home/.cargo/registry/src/index.crates.io-1949cf8c6b5b557f/synstructure-0.13.2) to /data/data/com.termux.nix/files/home/pick-up-nix2/vendor/rust/cargo2nix/submodules/cargo/vendor/synstructure
   Vendoring system-configuration v0.6.1 (/data/data/com.termux.nix/files/home/.cargo/registry/src/index.crates.io-1949cf8c6b5b557f/system-configuration-0.6.1) to /data/data/com.termux.nix/files/home/pick-up-nix2/vendor/rust/cargo2nix/submodules/cargo/vendor/system-configuration
   Vendoring system-configuration-sys v0.6.0 (/data/data/com.termux.nix/files/home/.cargo/registry/src/index.crates.io-1949cf8c6b5b557f/system-configuration-sys-0.6.0) to /data/data/com.termux.nix/files/home/pick-up-nix2/vendor/rust/cargo2nix/submodules/cargo/vendor/system-configuration-sys
   Vendoring tar v0.4.44 (/data/data/com.termux.nix/files/home/.cargo/registry/src/index.crates.io-1949cf8c6b5b557f/tar-0.4.44) to /data/data/com.termux.nix/files/home/pick-up-nix2/vendor/rust/cargo2nix/submodules/cargo/vendor/tar
   Vendoring tempfile v3.23.0 (/data/data/com.termux.nix/files/home/.cargo/registry/src/index.crates.io-1949cf8c6b5b557f/tempfile-3.23.0) to /data/data/com.termux.nix/files/home/pick-up-nix2/vendor/rust/cargo2nix/submodules/cargo/vendor/tempfile
   Vendoring terminal_size v0.4.3 (/data/data/com.termux.nix/files/home/.cargo/registry/src/index.crates.io-1949cf8c6b5b557f/terminal_size-0.4.3) to /data/data/com.termux.nix/files/home/pick-up-nix2/vendor/rust/cargo2nix/submodules/cargo/vendor/terminal_size
   Vendoring thiserror v2.0.17 (/data/data/com.termux.nix/files/home/.cargo/registry/src/index.crates.io-1949cf8c6b5b557f/thiserror-2.0.17) to /data/data/com.termux.nix/files/home/pick-up-nix2/vendor/rust/cargo2nix/submodules/cargo/vendor/thiserror
   Vendoring thiserror-impl v2.0.17 (/data/data/com.termux.nix/files/home/.cargo/registry/src/index.crates.io-1949cf8c6b5b557f/thiserror-impl-2.0.17) to /data/data/com.termux.nix/files/home/pick-up-nix2/vendor/rust/cargo2nix/submodules/cargo/vendor/thiserror-impl
   Vendoring thread_local v1.1.9 (/data/data/com.termux.nix/files/home/.cargo/registry/src/index.crates.io-1949cf8c6b5b557f/thread_local-1.1.9) to /data/data/com.termux.nix/files/home/pick-up-nix2/vendor/rust/cargo2nix/submodules/cargo/vendor/thread_local
   Vendoring time v0.3.44 (/data/data/com.termux.nix/files/home/.cargo/registry/src/index.crates.io-1949cf8c6b5b557f/time-0.3.44) to /data/data/com.termux.nix/files/home/pick-up-nix2/vendor/rust/cargo2nix/submodules/cargo/vendor/time
   Vendoring time-core v0.1.6 (/data/data/com.termux.nix/files/home/.cargo/registry/src/index.crates.io-1949cf8c6b5b557f/time-core-0.1.6) to /data/data/com.termux.nix/files/home/pick-up-nix2/vendor/rust/cargo2nix/submodules/cargo/vendor/time-core
   Vendoring time-macros v0.2.24 (/data/data/com.termux.nix/files/home/.cargo/registry/src/index.crates.io-1949cf8c6b5b557f/time-macros-0.2.24) to /data/data/com.termux.nix/files/home/pick-up-nix2/vendor/rust/cargo2nix/submodules/cargo/vendor/time-macros
   Vendoring tinystr v0.8.2 (/data/data/com.termux.nix/files/home/.cargo/registry/src/index.crates.io-1949cf8c6b5b557f/tinystr-0.8.2) to /data/data/com.termux.nix/files/home/pick-up-nix2/vendor/rust/cargo2nix/submodules/cargo/vendor/tinystr
   Vendoring tinytemplate v1.2.1 (/data/data/com.termux.nix/files/home/.cargo/registry/src/index.crates.io-1949cf8c6b5b557f/tinytemplate-1.2.1) to /data/data/com.termux.nix/files/home/pick-up-nix2/vendor/rust/cargo2nix/submodules/cargo/vendor/tinytemplate
   Vendoring tinyvec v1.10.0 (/data/data/com.termux.nix/files/home/.cargo/registry/src/index.crates.io-1949cf8c6b5b557f/tinyvec-1.10.0) to /data/data/com.termux.nix/files/home/pick-up-nix2/vendor/rust/cargo2nix/submodules/cargo/vendor/tinyvec
   Vendoring tinyvec_macros v0.1.1 (/data/data/com.termux.nix/files/home/.cargo/registry/src/index.crates.io-1949cf8c6b5b557f/tinyvec_macros-0.1.1) to /data/data/com.termux.nix/files/home/pick-up-nix2/vendor/rust/cargo2nix/submodules/cargo/vendor/tinyvec_macros
   Vendoring tokio v1.48.0 (/data/data/com.termux.nix/files/home/.cargo/registry/src/index.crates.io-1949cf8c6b5b557f/tokio-1.48.0) to /data/data/com.termux.nix/files/home/pick-up-nix2/vendor/rust/cargo2nix/submodules/cargo/vendor/tokio
   Vendoring tokio-rustls v0.26.4 (/data/data/com.termux.nix/files/home/.cargo/registry/src/index.crates.io-1949cf8c6b5b557f/tokio-rustls-0.26.4) to /data/data/com.termux.nix/files/home/pick-up-nix2/vendor/rust/cargo2nix/submodules/cargo/vendor/tokio-rustls
   Vendoring tokio-util v0.7.17 (/data/data/com.termux.nix/files/home/.cargo/registry/src/index.crates.io-1949cf8c6b5b557f/tokio-util-0.7.17) to /data/data/com.termux.nix/files/home/pick-up-nix2/vendor/rust/cargo2nix/submodules/cargo/vendor/tokio-util
   Vendoring toml v0.9.8 (/data/data/com.termux.nix/files/home/.cargo/registry/src/index.crates.io-1949cf8c6b5b557f/toml-0.9.8) to /data/data/com.termux.nix/files/home/pick-up-nix2/vendor/rust/cargo2nix/submodules/cargo/vendor/toml
   Vendoring toml_datetime v0.7.3 (/data/data/com.termux.nix/files/home/.cargo/registry/src/index.crates.io-1949cf8c6b5b557f/toml_datetime-0.7.3) to /data/data/com.termux.nix/files/home/pick-up-nix2/vendor/rust/cargo2nix/submodules/cargo/vendor/toml_datetime
   Vendoring toml_edit v0.23.7 (/data/data/com.termux.nix/files/home/.cargo/registry/src/index.crates.io-1949cf8c6b5b557f/toml_edit-0.23.7) to /data/data/com.termux.nix/files/home/pick-up-nix2/vendor/rust/cargo2nix/submodules/cargo/vendor/toml_edit
   Vendoring toml_parser v1.0.4 (/data/data/com.termux.nix/files/home/.cargo/registry/src/index.crates.io-1949cf8c6b5b557f/toml_parser-1.0.4) to /data/data/com.termux.nix/files/home/pick-up-nix2/vendor/rust/cargo2nix/submodules/cargo/vendor/toml_parser
   Vendoring toml_writer v1.0.4 (/data/data/com.termux.nix/files/home/.cargo/registry/src/index.crates.io-1949cf8c6b5b557f/toml_writer-1.0.4) to /data/data/com.termux.nix/files/home/pick-up-nix2/vendor/rust/cargo2nix/submodules/cargo/vendor/toml_writer
   Vendoring tower v0.5.2 (/data/data/com.termux.nix/files/home/.cargo/registry/src/index.crates.io-1949cf8c6b5b557f/tower-0.5.2) to /data/data/com.termux.nix/files/home/pick-up-nix2/vendor/rust/cargo2nix/submodules/cargo/vendor/tower
   Vendoring tower-http v0.6.6 (/data/data/com.termux.nix/files/home/.cargo/registry/src/index.crates.io-1949cf8c6b5b557f/tower-http-0.6.6) to /data/data/com.termux.nix/files/home/pick-up-nix2/vendor/rust/cargo2nix/submodules/cargo/vendor/tower-http
   Vendoring tower-layer v0.3.3 (/data/data/com.termux.nix/files/home/.cargo/registry/src/index.crates.io-1949cf8c6b5b557f/tower-layer-0.3.3) to /data/data/com.termux.nix/files/home/pick-up-nix2/vendor/rust/cargo2nix/submodules/cargo/vendor/tower-layer
   Vendoring tower-service v0.3.3 (/data/data/com.termux.nix/files/home/.cargo/registry/src/index.crates.io-1949cf8c6b5b557f/tower-service-0.3.3) to /data/data/com.termux.nix/files/home/pick-up-nix2/vendor/rust/cargo2nix/submodules/cargo/vendor/tower-service
   Vendoring tracing v0.1.41 (/data/data/com.termux.nix/files/home/.cargo/registry/src/index.crates.io-1949cf8c6b5b557f/tracing-0.1.41) to /data/data/com.termux.nix/files/home/pick-up-nix2/vendor/rust/cargo2nix/submodules/cargo/vendor/tracing
   Vendoring tracing-attributes v0.1.30 (/data/data/com.termux.nix/files/home/.cargo/registry/src/index.crates.io-1949cf8c6b5b557f/tracing-attributes-0.1.30) to /data/data/com.termux.nix/files/home/pick-up-nix2/vendor/rust/cargo2nix/submodules/cargo/vendor/tracing-attributes
   Vendoring tracing-chrome v0.7.2 (/data/data/com.termux.nix/files/home/.cargo/registry/src/index.crates.io-1949cf8c6b5b557f/tracing-chrome-0.7.2) to /data/data/com.termux.nix/files/home/pick-up-nix2/vendor/rust/cargo2nix/submodules/cargo/vendor/tracing-chrome
   Vendoring tracing-core v0.1.34 (/data/data/com.termux.nix/files/home/.cargo/registry/src/index.crates.io-1949cf8c6b5b557f/tracing-core-0.1.34) to /data/data/com.termux.nix/files/home/pick-up-nix2/vendor/rust/cargo2nix/submodules/cargo/vendor/tracing-core
   Vendoring tracing-log v0.2.0 (/data/data/com.termux.nix/files/home/.cargo/registry/src/index.crates.io-1949cf8c6b5b557f/tracing-log-0.2.0) to /data/data/com.termux.nix/files/home/pick-up-nix2/vendor/rust/cargo2nix/submodules/cargo/vendor/tracing-log
   Vendoring tracing-subscriber v0.3.20 (/data/data/com.termux.nix/files/home/.cargo/registry/src/index.crates.io-1949cf8c6b5b557f/tracing-subscriber-0.3.20) to /data/data/com.termux.nix/files/home/pick-up-nix2/vendor/rust/cargo2nix/submodules/cargo/vendor/tracing-subscriber
   Vendoring try-lock v0.2.5 (/data/data/com.termux.nix/files/home/.cargo/registry/src/index.crates.io-1949cf8c6b5b557f/try-lock-0.2.5) to /data/data/com.termux.nix/files/home/pick-up-nix2/vendor/rust/cargo2nix/submodules/cargo/vendor/try-lock
   Vendoring typeid v1.0.3 (/data/data/com.termux.nix/files/home/.cargo/registry/src/index.crates.io-1949cf8c6b5b557f/typeid-1.0.3) to /data/data/com.termux.nix/files/home/pick-up-nix2/vendor/rust/cargo2nix/submodules/cargo/vendor/typeid
   Vendoring typenum v1.19.0 (/data/data/com.termux.nix/files/home/.cargo/registry/src/index.crates.io-1949cf8c6b5b557f/typenum-1.19.0) to /data/data/com.termux.nix/files/home/pick-up-nix2/vendor/rust/cargo2nix/submodules/cargo/vendor/typenum
   Vendoring ucd-trie v0.1.7 (/data/data/com.termux.nix/files/home/.cargo/registry/src/index.crates.io-1949cf8c6b5b557f/ucd-trie-0.1.7) to /data/data/com.termux.nix/files/home/pick-up-nix2/vendor/rust/cargo2nix/submodules/cargo/vendor/ucd-trie
   Vendoring unarray v0.1.4 (/data/data/com.termux.nix/files/home/.cargo/registry/src/index.crates.io-1949cf8c6b5b557f/unarray-0.1.4) to /data/data/com.termux.nix/files/home/pick-up-nix2/vendor/rust/cargo2nix/submodules/cargo/vendor/unarray
   Vendoring unicase v2.8.1 (/data/data/com.termux.nix/files/home/.cargo/registry/src/index.crates.io-1949cf8c6b5b557f/unicase-2.8.1) to /data/data/com.termux.nix/files/home/pick-up-nix2/vendor/rust/cargo2nix/submodules/cargo/vendor/unicase
   Vendoring unicode-bom v2.0.3 (/data/data/com.termux.nix/files/home/.cargo/registry/src/index.crates.io-1949cf8c6b5b557f/unicode-bom-2.0.3) to /data/data/com.termux.nix/files/home/pick-up-nix2/vendor/rust/cargo2nix/submodules/cargo/vendor/unicode-bom
   Vendoring unicode-ident v1.0.22 (/data/data/com.termux.nix/files/home/.cargo/registry/src/index.crates.io-1949cf8c6b5b557f/unicode-ident-1.0.22) to /data/data/com.termux.nix/files/home/pick-up-nix2/vendor/rust/cargo2nix/submodules/cargo/vendor/unicode-ident
   Vendoring unicode-normalization v0.1.25 (/data/data/com.termux.nix/files/home/.cargo/registry/src/index.crates.io-1949cf8c6b5b557f/unicode-normalization-0.1.25) to /data/data/com.termux.nix/files/home/pick-up-nix2/vendor/rust/cargo2nix/submodules/cargo/vendor/unicode-normalization
   Vendoring unicode-width v0.2.2 (/data/data/com.termux.nix/files/home/.cargo/registry/src/index.crates.io-1949cf8c6b5b557f/unicode-width-0.2.2) to /data/data/com.termux.nix/files/home/pick-up-nix2/vendor/rust/cargo2nix/submodules/cargo/vendor/unicode-width
   Vendoring unicode-xid v0.2.6 (/data/data/com.termux.nix/files/home/.cargo/registry/src/index.crates.io-1949cf8c6b5b557f/unicode-xid-0.2.6) to /data/data/com.termux.nix/files/home/pick-up-nix2/vendor/rust/cargo2nix/submodules/cargo/vendor/unicode-xid
   Vendoring untrusted v0.9.0 (/data/data/com.termux.nix/files/home/.cargo/registry/src/index.crates.io-1949cf8c6b5b557f/untrusted-0.9.0) to /data/data/com.termux.nix/files/home/pick-up-nix2/vendor/rust/cargo2nix/submodules/cargo/vendor/untrusted
   Vendoring url v2.5.7 (/data/data/com.termux.nix/files/home/.cargo/registry/src/index.crates.io-1949cf8c6b5b557f/url-2.5.7) to /data/data/com.termux.nix/files/home/pick-up-nix2/vendor/rust/cargo2nix/submodules/cargo/vendor/url
   Vendoring utf8-width v0.1.7 (/data/data/com.termux.nix/files/home/.cargo/registry/src/index.crates.io-1949cf8c6b5b557f/utf8-width-0.1.7) to /data/data/com.termux.nix/files/home/pick-up-nix2/vendor/rust/cargo2nix/submodules/cargo/vendor/utf8-width
   Vendoring utf8_iter v1.0.4 (/data/data/com.termux.nix/files/home/.cargo/registry/src/index.crates.io-1949cf8c6b5b557f/utf8_iter-1.0.4) to /data/data/com.termux.nix/files/home/pick-up-nix2/vendor/rust/cargo2nix/submodules/cargo/vendor/utf8_iter
   Vendoring utf8parse v0.2.2 (/data/data/com.termux.nix/files/home/.cargo/registry/src/index.crates.io-1949cf8c6b5b557f/utf8parse-0.2.2) to /data/data/com.termux.nix/files/home/pick-up-nix2/vendor/rust/cargo2nix/submodules/cargo/vendor/utf8parse
   Vendoring valuable v0.1.1 (/data/data/com.termux.nix/files/home/.cargo/registry/src/index.crates.io-1949cf8c6b5b557f/valuable-0.1.1) to /data/data/com.termux.nix/files/home/pick-up-nix2/vendor/rust/cargo2nix/submodules/cargo/vendor/valuable
   Vendoring varisat v0.2.2 (/data/data/com.termux.nix/files/home/.cargo/registry/src/index.crates.io-1949cf8c6b5b557f/varisat-0.2.2) to /data/data/com.termux.nix/files/home/pick-up-nix2/vendor/rust/cargo2nix/submodules/cargo/vendor/varisat
   Vendoring varisat-checker v0.2.2 (/data/data/com.termux.nix/files/home/.cargo/registry/src/index.crates.io-1949cf8c6b5b557f/varisat-checker-0.2.2) to /data/data/com.termux.nix/files/home/pick-up-nix2/vendor/rust/cargo2nix/submodules/cargo/vendor/varisat-checker
   Vendoring varisat-dimacs v0.2.2 (/data/data/com.termux.nix/files/home/.cargo/registry/src/index.crates.io-1949cf8c6b5b557f/varisat-dimacs-0.2.2) to /data/data/com.termux.nix/files/home/pick-up-nix2/vendor/rust/cargo2nix/submodules/cargo/vendor/varisat-dimacs
   Vendoring varisat-formula v0.2.2 (/data/data/com.termux.nix/files/home/.cargo/registry/src/index.crates.io-1949cf8c6b5b557f/varisat-formula-0.2.2) to /data/data/com.termux.nix/files/home/pick-up-nix2/vendor/rust/cargo2nix/submodules/cargo/vendor/varisat-formula
   Vendoring varisat-internal-macros v0.2.2 (/data/data/com.termux.nix/files/home/.cargo/registry/src/index.crates.io-1949cf8c6b5b557f/varisat-internal-macros-0.2.2) to /data/data/com.termux.nix/files/home/pick-up-nix2/vendor/rust/cargo2nix/submodules/cargo/vendor/varisat-internal-macros
   Vendoring varisat-internal-proof v0.2.2 (/data/data/com.termux.nix/files/home/.cargo/registry/src/index.crates.io-1949cf8c6b5b557f/varisat-internal-proof-0.2.2) to /data/data/com.termux.nix/files/home/pick-up-nix2/vendor/rust/cargo2nix/submodules/cargo/vendor/varisat-internal-proof
   Vendoring vcpkg v0.2.15 (/data/data/com.termux.nix/files/home/.cargo/registry/src/index.crates.io-1949cf8c6b5b557f/vcpkg-0.2.15) to /data/data/com.termux.nix/files/home/pick-up-nix2/vendor/rust/cargo2nix/submodules/cargo/vendor/vcpkg
   Vendoring vec_mut_scan v0.3.0 (/data/data/com.termux.nix/files/home/.cargo/registry/src/index.crates.io-1949cf8c6b5b557f/vec_mut_scan-0.3.0) to /data/data/com.termux.nix/files/home/pick-up-nix2/vendor/rust/cargo2nix/submodules/cargo/vendor/vec_mut_scan
   Vendoring version_check v0.9.5 (/data/data/com.termux.nix/files/home/.cargo/registry/src/index.crates.io-1949cf8c6b5b557f/version_check-0.9.5) to /data/data/com.termux.nix/files/home/pick-up-nix2/vendor/rust/cargo2nix/submodules/cargo/vendor/version_check
   Vendoring wait-timeout v0.2.1 (/data/data/com.termux.nix/files/home/.cargo/registry/src/index.crates.io-1949cf8c6b5b557f/wait-timeout-0.2.1) to /data/data/com.termux.nix/files/home/pick-up-nix2/vendor/rust/cargo2nix/submodules/cargo/vendor/wait-timeout
   Vendoring walkdir v2.5.0 (/data/data/com.termux.nix/files/home/.cargo/registry/src/index.crates.io-1949cf8c6b5b557f/walkdir-2.5.0) to /data/data/com.termux.nix/files/home/pick-up-nix2/vendor/rust/cargo2nix/submodules/cargo/vendor/walkdir
   Vendoring want v0.3.1 (/data/data/com.termux.nix/files/home/.cargo/registry/src/index.crates.io-1949cf8c6b5b557f/want-0.3.1) to /data/data/com.termux.nix/files/home/pick-up-nix2/vendor/rust/cargo2nix/submodules/cargo/vendor/want
   Vendoring wasi v0.11.1+wasi-snapshot-preview1 (/data/data/com.termux.nix/files/home/.cargo/registry/src/index.crates.io-1949cf8c6b5b557f/wasi-0.11.1+wasi-snapshot-preview1) to /data/data/com.termux.nix/files/home/pick-up-nix2/vendor/rust/cargo2nix/submodules/cargo/vendor/wasi
   Vendoring wasip2 v1.0.1+wasi-0.2.4 (/data/data/com.termux.nix/files/home/.cargo/registry/src/index.crates.io-1949cf8c6b5b557f/wasip2-1.0.1+wasi-0.2.4) to /data/data/com.termux.nix/files/home/pick-up-nix2/vendor/rust/cargo2nix/submodules/cargo/vendor/wasip2
   Vendoring wasm-bindgen v0.2.105 (/data/data/com.termux.nix/files/home/.cargo/registry/src/index.crates.io-1949cf8c6b5b557f/wasm-bindgen-0.2.105) to /data/data/com.termux.nix/files/home/pick-up-nix2/vendor/rust/cargo2nix/submodules/cargo/vendor/wasm-bindgen
   Vendoring wasm-bindgen-futures v0.4.55 (/data/data/com.termux.nix/files/home/.cargo/registry/src/index.crates.io-1949cf8c6b5b557f/wasm-bindgen-futures-0.4.55) to /data/data/com.termux.nix/files/home/pick-up-nix2/vendor/rust/cargo2nix/submodules/cargo/vendor/wasm-bindgen-futures
   Vendoring wasm-bindgen-macro v0.2.105 (/data/data/com.termux.nix/files/home/.cargo/registry/src/index.crates.io-1949cf8c6b5b557f/wasm-bindgen-macro-0.2.105) to /data/data/com.termux.nix/files/home/pick-up-nix2/vendor/rust/cargo2nix/submodules/cargo/vendor/wasm-bindgen-macro
   Vendoring wasm-bindgen-macro-support v0.2.105 (/data/data/com.termux.nix/files/home/.cargo/registry/src/index.crates.io-1949cf8c6b5b557f/wasm-bindgen-macro-support-0.2.105) to /data/data/com.termux.nix/files/home/pick-up-nix2/vendor/rust/cargo2nix/submodules/cargo/vendor/wasm-bindgen-macro-support
   Vendoring wasm-bindgen-shared v0.2.105 (/data/data/com.termux.nix/files/home/.cargo/registry/src/index.crates.io-1949cf8c6b5b557f/wasm-bindgen-shared-0.2.105) to /data/data/com.termux.nix/files/home/pick-up-nix2/vendor/rust/cargo2nix/submodules/cargo/vendor/wasm-bindgen-shared
   Vendoring web-sys v0.3.82 (/data/data/com.termux.nix/files/home/.cargo/registry/src/index.crates.io-1949cf8c6b5b557f/web-sys-0.3.82) to /data/data/com.termux.nix/files/home/pick-up-nix2/vendor/rust/cargo2nix/submodules/cargo/vendor/web-sys
   Vendoring winapi-util v0.1.11 (/data/data/com.termux.nix/files/home/.cargo/registry/src/index.crates.io-1949cf8c6b5b557f/winapi-util-0.1.11) to /data/data/com.termux.nix/files/home/pick-up-nix2/vendor/rust/cargo2nix/submodules/cargo/vendor/winapi-util
   Vendoring windows-link v0.2.1 (/data/data/com.termux.nix/files/home/.cargo/registry/src/index.crates.io-1949cf8c6b5b557f/windows-link-0.2.1) to /data/data/com.termux.nix/files/home/pick-up-nix2/vendor/rust/cargo2nix/submodules/cargo/vendor/windows-link
   Vendoring windows-registry v0.5.3 (/data/data/com.termux.nix/files/home/.cargo/registry/src/index.crates.io-1949cf8c6b5b557f/windows-registry-0.5.3) to /data/data/com.termux.nix/files/home/pick-up-nix2/vendor/rust/cargo2nix/submodules/cargo/vendor/windows-registry
   Vendoring windows-result v0.3.4 (/data/data/com.termux.nix/files/home/.cargo/registry/src/index.crates.io-1949cf8c6b5b557f/windows-result-0.3.4) to /data/data/com.termux.nix/files/home/pick-up-nix2/vendor/rust/cargo2nix/submodules/cargo/vendor/windows-result
   Vendoring windows-strings v0.4.2 (/data/data/com.termux.nix/files/home/.cargo/registry/src/index.crates.io-1949cf8c6b5b557f/windows-strings-0.4.2) to /data/data/com.termux.nix/files/home/pick-up-nix2/vendor/rust/cargo2nix/submodules/cargo/vendor/windows-strings
   Vendoring windows-sys v0.61.2 (/data/data/com.termux.nix/files/home/.cargo/registry/src/index.crates.io-1949cf8c6b5b557f/windows-sys-0.61.2) to /data/data/com.termux.nix/files/home/pick-up-nix2/vendor/rust/cargo2nix/submodules/cargo/vendor/windows-sys
   Vendoring windows-targets v0.53.5 (/data/data/com.termux.nix/files/home/.cargo/registry/src/index.crates.io-1949cf8c6b5b557f/windows-targets-0.53.5) to /data/data/com.termux.nix/files/home/pick-up-nix2/vendor/rust/cargo2nix/submodules/cargo/vendor/windows-targets
   Vendoring windows_aarch64_gnullvm v0.53.1 (/data/data/com.termux.nix/files/home/.cargo/registry/src/index.crates.io-1949cf8c6b5b557f/windows_aarch64_gnullvm-0.53.1) to /data/data/com.termux.nix/files/home/pick-up-nix2/vendor/rust/cargo2nix/submodules/cargo/vendor/windows_aarch64_gnullvm
   Vendoring windows_aarch64_msvc v0.53.1 (/data/data/com.termux.nix/files/home/.cargo/registry/src/index.crates.io-1949cf8c6b5b557f/windows_aarch64_msvc-0.53.1) to /data/data/com.termux.nix/files/home/pick-up-nix2/vendor/rust/cargo2nix/submodules/cargo/vendor/windows_aarch64_msvc
   Vendoring windows_i686_gnu v0.53.1 (/data/data/com.termux.nix/files/home/.cargo/registry/src/index.crates.io-1949cf8c6b5b557f/windows_i686_gnu-0.53.1) to /data/data/com.termux.nix/files/home/pick-up-nix2/vendor/rust/cargo2nix/submodules/cargo/vendor/windows_i686_gnu
   Vendoring windows_i686_gnullvm v0.53.1 (/data/data/com.termux.nix/files/home/.cargo/registry/src/index.crates.io-1949cf8c6b5b557f/windows_i686_gnullvm-0.53.1) to /data/data/com.termux.nix/files/home/pick-up-nix2/vendor/rust/cargo2nix/submodules/cargo/vendor/windows_i686_gnullvm
   Vendoring windows_i686_msvc v0.53.1 (/data/data/com.termux.nix/files/home/.cargo/registry/src/index.crates.io-1949cf8c6b5b557f/windows_i686_msvc-0.53.1) to /data/data/com.termux.nix/files/home/pick-up-nix2/vendor/rust/cargo2nix/submodules/cargo/vendor/windows_i686_msvc
   Vendoring windows_x86_64_gnu v0.53.1 (/data/data/com.termux.nix/files/home/.cargo/registry/src/index.crates.io-1949cf8c6b5b557f/windows_x86_64_gnu-0.53.1) to /data/data/com.termux.nix/files/home/pick-up-nix2/vendor/rust/cargo2nix/submodules/cargo/vendor/windows_x86_64_gnu
   Vendoring windows_x86_64_gnullvm v0.53.1 (/data/data/com.termux.nix/files/home/.cargo/registry/src/index.crates.io-1949cf8c6b5b557f/windows_x86_64_gnullvm-0.53.1) to /data/data/com.termux.nix/files/home/pick-up-nix2/vendor/rust/cargo2nix/submodules/cargo/vendor/windows_x86_64_gnullvm
   Vendoring windows_x86_64_msvc v0.53.1 (/data/data/com.termux.nix/files/home/.cargo/registry/src/index.crates.io-1949cf8c6b5b557f/windows_x86_64_msvc-0.53.1) to /data/data/com.termux.nix/files/home/pick-up-nix2/vendor/rust/cargo2nix/submodules/cargo/vendor/windows_x86_64_msvc
   Vendoring winnow v0.7.13 (/data/data/com.termux.nix/files/home/.cargo/registry/src/index.crates.io-1949cf8c6b5b557f/winnow-0.7.13) to /data/data/com.termux.nix/files/home/pick-up-nix2/vendor/rust/cargo2nix/submodules/cargo/vendor/winnow
   Vendoring wit-bindgen v0.46.0 (/data/data/com.termux.nix/files/home/.cargo/registry/src/index.crates.io-1949cf8c6b5b557f/wit-bindgen-0.46.0) to /data/data/com.termux.nix/files/home/pick-up-nix2/vendor/rust/cargo2nix/submodules/cargo/vendor/wit-bindgen
   Vendoring writeable v0.6.2 (/data/data/com.termux.nix/files/home/.cargo/registry/src/index.crates.io-1949cf8c6b5b557f/writeable-0.6.2) to /data/data/com.termux.nix/files/home/pick-up-nix2/vendor/rust/cargo2nix/submodules/cargo/vendor/writeable
   Vendoring yoke v0.8.1 (/data/data/com.termux.nix/files/home/.cargo/registry/src/index.crates.io-1949cf8c6b5b557f/yoke-0.8.1) to /data/data/com.termux.nix/files/home/pick-up-nix2/vendor/rust/cargo2nix/submodules/cargo/vendor/yoke
   Vendoring yoke-derive v0.8.1 (/data/data/com.termux.nix/files/home/.cargo/registry/src/index.crates.io-1949cf8c6b5b557f/yoke-derive-0.8.1) to /data/data/com.termux.nix/files/home/pick-up-nix2/vendor/rust/cargo2nix/submodules/cargo/vendor/yoke-derive
   Vendoring zerocopy v0.8.27 (/data/data/com.termux.nix/files/home/.cargo/registry/src/index.crates.io-1949cf8c6b5b557f/zerocopy-0.8.27) to /data/data/com.termux.nix/files/home/pick-up-nix2/vendor/rust/cargo2nix/submodules/cargo/vendor/zerocopy
   Vendoring zerocopy-derive v0.8.27 (/data/data/com.termux.nix/files/home/.cargo/registry/src/index.crates.io-1949cf8c6b5b557f/zerocopy-derive-0.8.27) to /data/data/com.termux.nix/files/home/pick-up-nix2/vendor/rust/cargo2nix/submodules/cargo/vendor/zerocopy-derive
   Vendoring zerofrom v0.1.6 (/data/data/com.termux.nix/files/home/.cargo/registry/src/index.crates.io-1949cf8c6b5b557f/zerofrom-0.1.6) to /data/data/com.termux.nix/files/home/pick-up-nix2/vendor/rust/cargo2nix/submodules/cargo/vendor/zerofrom
   Vendoring zerofrom-derive v0.1.6 (/data/data/com.termux.nix/files/home/.cargo/registry/src/index.crates.io-1949cf8c6b5b557f/zerofrom-derive-0.1.6) to /data/data/com.termux.nix/files/home/pick-up-nix2/vendor/rust/cargo2nix/submodules/cargo/vendor/zerofrom-derive
   Vendoring zeroize v1.8.2 (/data/data/com.termux.nix/files/home/.cargo/registry/src/index.crates.io-1949cf8c6b5b557f/zeroize-1.8.2) to /data/data/com.termux.nix/files/home/pick-up-nix2/vendor/rust/cargo2nix/submodules/cargo/vendor/zeroize
   Vendoring zerotrie v0.2.3 (/data/data/com.termux.nix/files/home/.cargo/registry/src/index.crates.io-1949cf8c6b5b557f/zerotrie-0.2.3) to /data/data/com.termux.nix/files/home/pick-up-nix2/vendor/rust/cargo2nix/submodules/cargo/vendor/zerotrie
   Vendoring zerovec v0.11.5 (/data/data/com.termux.nix/files/home/.cargo/registry/src/index.crates.io-1949cf8c6b5b557f/zerovec-0.11.5) to /data/data/com.termux.nix/files/home/pick-up-nix2/vendor/rust/cargo2nix/submodules/cargo/vendor/zerovec
   Vendoring zerovec-derive v0.11.2 (/data/data/com.termux.nix/files/home/.cargo/registry/src/index.crates.io-1949cf8c6b5b557f/zerovec-derive-0.11.2) to /data/data/com.termux.nix/files/home/pick-up-nix2/vendor/rust/cargo2nix/submodules/cargo/vendor/zerovec-derive
   Vendoring zlib-rs v0.5.2 (/data/data/com.termux.nix/files/home/.cargo/registry/src/index.crates.io-1949cf8c6b5b557f/zlib-rs-0.5.2) to /data/data/com.termux.nix/files/home/pick-up-nix2/vendor/rust/cargo2nix/submodules/cargo/vendor/zlib-rs
To use vendored sources, add this to your .cargo/config.toml for this project:

[source.crates-io]
replace-with = "vendored-sources"

[source.vendored-sources]
directory = "vendor"
'cargo vendor' succeeded.
Running 'cargo2nix -o Cargo.nix' in "/data/data/com.termux.nix/files/home/pick-up-nix2/vendor/rust/cargo2nix/submodules/cargo"...
'cargo2nix' succeeded.
Submodule tasks completed successfully!
